,ig_page,ig_post_date,ig_content,ig_like_cnt,ig_comment_cnt,ig_extract_date
0,aiahongkongmacau,2 months ago,"
                        【AIA x 何詩蓓  #AIA香港及澳門大使】為您超越 伴您突破 

喺2021年  #何詩蓓 奪得個人第一面奧運銀牌！並4度打破亞洲紀錄！
到底香港泳將何詩蓓係憑住咩信念，先能夠不斷超越，刷新紀錄？

講起游水……我哋可能會諗起訓練同比賽，但對詩蓓嚟講，游水仲係一種激勵大家一齊向前，突破自身界限嘅信念！

而AIA亦有相同嘅理念，除咗不斷推出領先業界嘅保險產品，我哋更為您健康超越保險，務求幫助大家實踐「健康長久好生活」之餘，亦陪伴大家突破自我，跨越每個挑戰！

 #AIA為您超越伴您突破  #AIAGoingBeyondWithYou
緊貼更多  #AIAx何詩蓓 嘅精彩故事 :  https://bit.ly/3Pjpo0Y

 #SiobhánHaughey @siobhanhaughey01   #AIAHongKongAndMacauAmbassador
 #AIA超越保險  #AIABeyondInsurance 
 #AIAHongKong  #HealthierLongerBetterLives  #健康長久好生活  #AIAOneBillion 
                    ",278        ,3        ,20221003
1,aiahongkongmacau,2 days ago,"
                        【📢 投保AIA個人保險計劃，即有機會贏取 「AIA Presents Ivana x Serrini Fairy Nice To Meet You Live 2022」門票2張！🎫 🎫】 

由即日起至2022年10月31日期間，客戶成功投保AIA個人保險計劃*滿指定金額，就可自動獲享抽獎機會，有機會贏取「AIA Presents Ivana x Serrini Fairy Nice To Meet You Live 2022」指定日子音樂會HK$980門票2張，連同KKBOX 60天音樂服務（名額共200名） 。今次係Ivana同Serrini首次聯手合作🤝，為樂迷帶嚟一個耳目一新嘅音樂會，一齊入場睇兩位Fairies嘅crossover啦🎤！

得獎名單將於2022年11月11日喺 aia.com.hk、當日出版嘅星島日報同英文虎報內公佈。 

* 受條款及細則約束。詳情(包括AIA個人保險計劃之定義)請參閱：https://bit.ly/3BWWTAS

推廣生意的競賽牌照號碼：56141

註：人壽保險保單屬長期的保險合約，其設計及宗旨為保障人的壽命，通常涉及較長年期。客戶應根據自身的保障需要和保費負擔能力投保適合的保險產品。

 #AIAHongKong  #HealthierLongerBetterLives  #健康長久好生活  #王菀之  #IvanaWong  #Serrini  #音樂會  #抽獎 
                    ",239        ,0        ,20221003
2,aiahongkongmacau,2 days ago,"
                        【反應熱烈！優惠延長🎉】AIA超越賞 - 突破傳統保險  超越一般優惠

AIA不斷追求超越，超越傳統獎賞，畀您「折折上升」嘅折扣優惠 — AIA超越賞：

依家起至2022年11月15日，凡投保AIA全線產品，可享優惠，包括保費回贈高達75%！

以限時優惠嘅價錢獲得最佳健康保障，您又點可以錯過？立即聯絡您嘅財務策劃顧問瞭解更多啦！

 #AIA超越賞  #AIABeyondRewards  #AIA為您超越伴您突破  #AIAGoingBeyondWithYou  #AIA超越保險  #AIABeyondInsurance  #AIAHongKong  #HealthierLongerBetterLives  #健康長久好生活 

註：1.上述全線保險產品包括AIA全線個人及團體保險（個人財物保險、「競跑保」及資本投資者入境計劃除外）。2.優惠受相關條款及細則約束，詳情請瀏覽aia.com.hk。 
                    ",110        ,0        ,20221003
3,aiahongkongmacau,3 days ago,"
                        🥁 AIA 青年共創項目比賽「Cre8 by AIA」入圍名單出爐喇！🌟
「Cre8 by AIA」以合共 HK$150 萬嘅 Cre8 起動資金同全方位支援，幫年青人追尋夢想！

經過評審千挑萬選，  #五大組別 嘅入圍名單終於有結果喇！恭喜晒以下 10 位入選者～接住落嚟， 一眾  #星級導師  #Cre8大師  #游學修 @neoyau19  、多元唱作歌手  #軒公 @hinscheung  、心靈插畫品牌 @dustykid_hk  創作人陳塵 @rapchan  、@bakehousehk  麵包店🥐創辦人 @gregoiremichaud 、 @greenpricehk  社企聯合創辦人 @terence_hon  同 @9gag  聯合創辦人 Chris 會秉承住  #袋錢落你袋 嘅精神，將獨門創業秘笈傳授畀咁多位入選者，仲會為佢哋提供曝光機會，畀更加多人見到佢哋嘅諗法，再有機會贏走埋 HK$30 萬起動資金💰！

想知星級導師們點樣同佢哋手拖手踏上 Cre8 之旅？嚟緊就要密切留意 @cre8hk  嘅 Instagram 更新喇！

入圍名單
🎤表演創作：Ian（電影） @ianlui.lionrockfilmco  , Kinyi（唱作） @kinyi_sung 
🎨設計：Ellis（植物皮革手袋設計） @soulmatte.earth  , Minnie（時裝設計） @lamwingsum 
🍽️飲食：Nicky（調味牛油製作） @yelo.steakbutter  , Sarah（甜品烘焙） @22c.patisserie 
♻️環保：Declan（自動化塑膠分類技術） @plaper.hk  , Jorch（上門回收平台） @theloopshongkong 
💡創科：Wah（子宮頸癌檢測衛生巾） @la.rosee.hk  , Samuel（3D 器官掃瞄） @oao.hk 

再次衷心感謝每一位 Cre8 by AIA 參加者！無論有冇入圍，呢度都唔會係你創業嘅終點！請記住你哋嘅初衷同熱誠，唔好放棄你嘅 Cre8 之旅！ #點解要點解？想 Cre8，本身就係冇原因㗎！

 #Cre8byAIA  #你有諗法我有辦法  #AIAHongKong  #HealthierLongerBetterLives  #健康長久好生活

Cre8 by AIA 受條款及細則約束，詳情請瀏覽 cre8.com.hk 。 
                    ",52        ,1        ,20221003
4,aiahongkongmacau,6 days ago,"
                        超越的意義。

感謝 @aiahongkongmacau  的邀請，
以 #何詩蓓小姐 @siobhanhaughey01  於游泳上所展現的精神 —— 「超越」為概念，繪畫插圖。

一直認為，關於「超越」，
往內是一種自我突破和探求，
向外則是一種能力的印證和說服。

可除此以外，於我而言，
超越的意義，更重要的是其「背後」的蘊藏：
那些不為人知的自我質疑和迷失；
那些視力竭為開始的鍛練；
那些以年計的忍耐和自我勸服；
那些無數心裡有過的黑夜，
和不一定能上演的白晝。

亦因如此，所謂超越，
不僅是賽道上時分秒的刷新；
亦不僅是競技項目裡碰觸到的勝利；
更可以是每一次你浴火重新後的自己，
每一次你涉歷未知，
那份依然冒險追尋的勇氣。

-

有關超越，不止於我，他們演繹更多：
@a_r_y_u.c  | @isaac.spellman  | @kazy_chan  | @nopaperstudio  | @surrealhk  | @tsesaipei  | @vvvvnho  

 #AIAx何詩蓓  #AIA為您超越伴您突破  #AIAGoingBeyondWithYou  #AIA超越保險  #AIABeyondInsurance  #健康長久好生活  #HealthierLongerBetterLives 
                    ",244        ,0        ,20221003
5,aiahongkongmacau,6 days ago,"
                        【為您超越 伴您突破】
記得小時候填紀念冊時，在填「我的志願」那一項真的是雄心壯志！人漸漸長大，遇到的絆腳石也不少，但我始終相信，肯繼續堅持尋夢，就一定有人陪你一起傻，一起癲。只要有像何詩蓓那種超越極限的精神，我們都可以實現夢想，超越現在的自己！
-
今次與 @aiahongkongmacau  和  #何詩蓓 @siobhanhaughey01  聯同一眾插畫師跟大家一起超越突破，當中有：
@isaac.spellman  | @kazy_chan  | @laily.art  | @nopaperstudio  | @surrealhk  | @tsesaipei  | @vvvvnho  
一定要看看他們的作品啊！
-
 #AIAx何詩蓓  #AIAxSiobhánHaughey   #AIAGoingBeyondWithYou  #AIA為您超越伴您突破  #AIA超越保險  #AIABeyondInsurance  #健康長久好生活  #HealthierLongerBetterLives
 #香港插畫  #插畫  #绘画  #漫画  #香港  #aryu  #hongkongillustration  #hongkongillustrator  #illustration  #drawing  #art  #design  #comic  #anime  #hongkong 
                    ",289        ,1        ,20221003
6,aiahongkongmacau,6 days ago,"
                        【何詩蓓為您超越 伴您突破】

喺城市生活得太耐，有時都會想突破下原有嘅生活模式，出走去唔同嘅世界！🧗🏻
Inspired by  #何詩蓓 @siobhanhaughey01  嘅  #超越精神 🏊🏻‍♀️🏊🏻‍♀️ 我最響往，突破想去嘅地方一定係充滿綠色植物嘅森林！🌳🌳 因為平日畫就畫好多，如果有機會親身去到，感受下被樹木包圍嘅感覺就好！🌲🌲
 
諗緊點樣突破自己？不如先去 @aiahongkongmacau  睇吓  #AIAx何詩蓓 同其他artist嘅超越故事啦！
 
@a_r_y_u.c  | @isaac.spellman  | @laily.art  | @nopaperstudio  | @surrealhk  | @tsesaipei  | @vvvvnho 

 #AIAxSiobhánHaughey  #AIAGoingBeyondWithYou  #AIA為您超越伴您突破
 #AIA超越保險  #AIABeyondInsurance  #健康長久好生活  #HealthierLongerBetterLives 
                    ",488        ,0        ,20221003
7,aiahongkongmacau,6 days ago,"
                        我喜歡以想像突破生活界限，喺天空自由自在，遠離地面嘅繁忙同壓迫感。
一齊以  #何詩蓓嘅超越精神，從心態開始，突破生活啦！

Refresh your mind 🌟 即刻去 @aiahongkongmacau  睇  #AIAx何詩蓓 @siobhanhaughey01  同其他Artist嘅超越故事啦！
@a_r_y_u.c  | @isaac.spellman  | @kazy_chan  | @laily.art  | @nopaperstudio  | @tsesaipei  | @vvvvnho 

 #AIAxSiobhánHaughey  #AIAGoingBeyondWithYou  #AIA為您超越伴您突破
 #AIA超越保險  #AIABeyondInsurance  #健康長久好生活  #HealthierLongerBetterLives 
                    ",1k        ,6        ,20221003
8,aiahongkongmacau,6 days ago,"
                        【何詩蓓 為您超越 伴您突破】
傳統唔代表一定會被淘汰，突破框框，融入現代嘅創作中，就係另一種美
只要好似 #何詩蓓@siobhanhaugheyo1 咁有 #超越精神 ，我哋就可以創造出更多可能！
即刻去 @aiahongkongmacau  睇吓  #AIAx 何詩蓓嘅超越心聲 •記得睇埋其他 Artist 嘅超
越故事呀！
@a_r_y_u.c  | @isaac.spellman  | @kazy_chan  | @laily.art  | @nopaperstudio  | @surrealhk  I
@tsesaipei 
 #AlAxSiobhánHaughey  #AIAGoingBeyondWithYou  #AIA為您超越伴您突破
 #AIA超越保險 #AlABeyondinsurance  #健康長久好生活  #HealthierLongerBetterlives 
                    ",477        ,1        ,20221003
9,aiahongkongmacau,6 days ago,"
                        【何詩蓓為您超越伴您突破】

當我沉浸在水中的時候，我是自在的，我的思想任由它鬆綁，放飛想像。在深海中與鯨魚，海豚，飛魚，海龜暢泳並不是天方夜譚。只要像 #何詩蓓 @siobhanhaughey01  一樣有 #突破精神，我們就可以創造出屬於自己的可能，天馬行空不是夢！你也想突破自身界限？馬上到 @aiahongkongmacau  觀看 #AIAx何詩蓓和其他Artist的超越故事，陪你一起邁步向前！

@a_r_y_u.c  | @kazy_chan | @laily.art  | @nopaperstudio  | @surrealhk  | @tsesaipei  |@vvvvnho  #AIAxSiobhánHaughey #AIAGoingBeyondWithYou #AIA為您超越伴您突破 #AIA超越保險 #AIABeyondInsurance  #健康長久好生活 #healthierlongerbetterlives 
                    ",189        ,3        ,20221003
10,aiahongkongmacau,6 days ago,"
                        今日放映【為您超越伴您突破】
領銜主演 -  #何詩蓓 @siobhanhaughey01  
只要有何詩蓓嘅突破精神，Keep住試，就會有意想不到嘅結果!

當初我係畫人像為主，文字設計同排版都唔係自己嘅擅長，不過我知道一定要突破昨日嘅自己先至可以繼續前進，於是強行翻譯，畫電影標題，加入搞笑彩蛋！全部都係試出嚟...試吓試吓就演變左呢種懷舊海報風格。

傳統，都可以係另一種創新。只要好似何詩蓓咁有 #超越精神，我哋就可以創造出更多可能!
即刻去 @aiahongkongmacau  睇吓  #AIAx何詩蓓 嘅超越故事，仲可以睇埋其他Artist嘅故事，陪你一齊突破自己!

@a_r_y_u.c  | @isaac.spellman  | @kazy_chan  | @laily.art  | @surrealhk  | @tsesaipei  |@vvvvnho 
 #AIAxSiobhánHaughey  #AIAGoingBeyondWithYou  #AIA為您超越伴您突破  #AIA超越保險  #AIABeyondInsurance  #健康長久好生活  #HealthierLongerBetterLives  #無紙用工作室  #nopaperstudio  #懷舊電影海報  #vintage  #illustration  #插畫  #電繪 
                    ",586        ,2        ,20221003
11,aiahongkongmacau,6 days ago,"
                        創作嘅路真係唔容易行......好彩生活每件唔起眼嘅小事，喺我眼中都係靈感嘅來源；有時主動一啲、行近一啲、八卦一啲，周圍去接觸觀察，發現好多故事都可以拎黎轉化同埋創作！
 #何詩蓓 嘅突破精神好啟發到我，無論喺咩環境都一樣可以體驗同投入屬於自己嘅故事，即使係每日少少既進步，都係超越自己既一大步。想睇  #aiax何詩蓓 @siobhanhaughey01  嘅超越心聲？即刻去 @aiahongkongmacau  睇片啦！

仲可以睇埋其他artist嘅超越故事呀: @a_r_y_u.c  | @isaac.spellman  | @kazy_chan  | @laily.art  | @nopaperstudio  | @surrealhk  | @vvvvnho  

 #aiaxsiobhánhaughey  #aiagoingbeyondwithyou  #aia為您超越伴您突破  #aia超越保險  #aiabeyondinsurance  #健康長久好生活  #healthierlongerbetterlives 
                    ",714        ,4        ,20221003
0,fwd_hk,3 days ago,"
                        【日本旅人大集結🇯🇵！】
日本即將放寬入境措施同香港公布0＋3隔離政策✈，嚟緊唔洗靠Omakase回味築地市場🍣，唔洗左等右等代購嘅原宿潮牌🛍，更加唔洗聽到噹噹噹就當喺心齋橋行夜街🎵，而係終於可以親身「返鄉下」🎌！你又最掛住日本嘅乜嘢體驗呢？

不過喺摷閃令令書同book機票之前，不如swipe向右，跟住我哋嘅Check list睇吓有咩外遊注意事項喇✨～

溫馨提示：出發前購買旅遊保險可以留意範圍有冇包括2019冠狀病毒病類別嘅保障，旅程就更加安心享受！👉 https://bit.ly/3T25glR

 #FWD  #富衛  #敢至係人生  #FWD網上保險平台  #旅遊保險  #TravelCare  #日本開關  #旅行  #清假

以上內容由富衛金融有限公司（「富衛金融」）贊助刊登/提供，富衛金融為富衛保險有限公司（「富衛保險」）委任的保險代理商。 
                    ",11        ,1        ,20221003
1,fwd_hk,5 days ago,"
                        【 實力贏家，多料Winner！🏆】
富衛唔只喺「彭博商業周刊金融機構大獎」*中榮獲14個獎項，連續第5️⃣ 年成為得獎最多嘅保險公司🎉！亦喺有業界奧斯卡之稱嘅「香港保險業大獎」*中刷新紀錄勇奪9個極具份量奬項，嘉許富衛以數碼化、創新及卓越服務全面提升客戶體驗，當中包括7項年度大獎及2項年度3強，成為囊括得最多獎項嘅保險公司🥇，呢啲極具份量嘅業界獎項係對我哋團隊不懈努力同多方面傑出成就嘅重大肯定😍！
 
除此之外，富衛仲榮獲《2021畢馬威香港顧客卓越體驗調查》中「保險產品與服務 性價比全港第一」👑！新業務嘅首年保費，仲進佔咗全港三甲^！感謝大家嘅支持，我哋承諾會繼續實踐「創造保險新體驗」嘅願景，透過積極研發創新產品，利用科技提升服務效率及便捷度，為大眾帶來更富趣味性嘅互動💪🏻！

立即了解更多：https://bit.ly/3C85j9Q

 #FWD  #富衛  #敢至係人生  #性價比全港No1  #新業務首年保費全港頭3位  #活超所值  #最大贏家  #多料Winner

*來源：彭博商業周刊金融機構大獎2022」以及「香港保險業大獎2021」。
^來源：保險業監管局2021年1至12月香港長期保險業務的臨時統計數字，個人及團體保險業務合併計算。 
                    ",29        ,1        ,20221003
2,fwd_hk,1 week ago,"
                        【安排更妥善，實現子女更多可能！】
富衛嘅盈聚優裕壽險計劃，於「彭博商業周刊金融機構大獎2022」中榮獲教育基金類別嘅卓越大獎！計劃提供中長線財富增長潛力及保證現金價值，為你子女嘅未來提供更多嘅選擇！

無論係去外國升學、創業定係成家立室，盈聚優裕壽險計劃都幫你一步步，輕鬆儲出子女未來康莊大道。立即為子女建立教育基金，累積潛在回報，靈活實現子女不同人生計劃啦！

即上 https://bit.ly/3xKgT8y 知多啲！ 

 #FWD  #富衛  #敢至係人生  #盈聚優裕  #靈活啲儲多啲  #儲蓄隨意門 

上述產品由富衛人壽保險（百慕達）有限公司（於百慕達註冊成立之有限責任公司) (“富衛”)承保。 

上述產品資料不包括保單的完整條款及受相關計劃之條款及細則約束，有關上述產品特點、保障權益及完整之條款、不保事項及主要產品風險詳情，請參閱富衛網站、相關產品小冊子及保單條款。 
                    ",7        ,0        ,20221003
3,fwd_hk,1 week ago,"
                        【保得更盡🛡️，活得更順😍】 
富衛自推出首個自願醫保計劃以嚟，一直貫徹「保足啲 全面啲」嘅理念，以提供彈性及全面嘅健康保障為目標，滿足不同客戶嘅需求，成為業界No.1¹ 🥇。好似「尊衛您醫療計劃」咁，計劃提供100%全數保障²一系列住院及手術費用，不分賠償細項，讓你盡情享受生活，難怪贏得香港保險業大獎2021嘅「傑出創意產品/服務大獎 – 自願醫保計劃」殊榮！ 

除此之外，富衛仲榮獲《2021畢馬威香港顧客卓越體驗調查》中「保險產品與服務 性價比全港第一」👑！新業務嘅首年保費，仲進佔咗全港三甲^！能備受業界同客戶認同，對我哋持續努力創新同提升客戶體驗有重要嘅鼓舞作用，富衛將繼續積極開拓嶄新產品回應市場需要，成就大眾活超所值，敢至係人生🎉！ 

立即了解更多👉🏻https://bit.ly/3S3dzgT

 #FWD  #富衛  #敢至係人生  #CelebrateLiving  #保足啲全面啲  #性價比全港No1  #新業務首年保費全港頭3位  #活超所值 
 
上述產品資料不包括保單的完整條款及受相關計劃之條款及細則約束，有關上述產品特點、保障權益及完整之條款、不保事項及主要產品風險詳情，請參閱富衛網站、相關產品小冊子及保單條款。 
 
¹富衛自願醫保系列的「易衛您醫療計劃」（「易衛您」）和「尊衛您醫療計劃」（「尊衛您」）在「香港保險業大獎2021」的「傑出創意產品/服務大獎 — 自願醫保計劃」獲得年度最高殊榮之年度大奬。 富衛自願醫保系列在「彭博商業周刊金融機構大獎2021」的「自願醫保計劃 」獲得年度最高殊榮之卓越大獎。「尊衛您」及「易衛您」為政府自願醫保計劃的認可靈活計劃（認可產品編號分別為F00045及F00051）。上述產品由富衛人壽保險（百慕達）有限公司（於百慕達註冊成立之有限公司）（自願醫保的產品提供者註冊編號00036）（「富衛」）承保。 
²全數保障是指不設分項賠償限額，並為合資格費用及其他費用於扣除餘下的自付費（如有）後的實際金額，及受每年保障限額及終身保障限額所規限。全數保障只適用於指定保障項目，而其他保障項目並不獲全數保障及受限於相關項目的賠償限額。若於亞洲之外的地方進行任何非急症治療，所招致的合資格費用將會按標準計劃條款及保障所附的保障表所列的賠償限額作出賠償。 
 ^來源：保險業監管局2021年1至12月香港長期保險業務的臨時統計數字，個人及團體保險業務合併計算。 
                    ",16        ,0        ,20221003
4,fwd_hk,1 week ago,"
                        【作為女生必需擁有！你嘅Must have item係…？💖】
Keep住咁靚同健康係每個女仔嘅終生課題，後生嗰陣可能想身型靚，到大嗰啲又會追求自信美，告別虎背厚腰，無論你係三歲定八十歲都有唔同追求。但時間同金錢有限，想一次過K.O.所有願望，莫非只係天荒夜譚👉 👈？

No No No！而家有一樣嘢，就可以滿足你嘅願望！

就係一張富衛健康通行證💳！申請後就可以用低至 5 折價錢，無限次享用網絡內超過 1400 個指定保健及醫療服務，例如減肥營養計劃、中醫調理、物理治療、牙科及中西醫服務等，計劃仲可同埋家人用一齊用*，滿足晒女仕們想靚同健康嘅需要！

立即申請👉https://bit.ly/3MsBMuv

*全家指主會員及最多3名家庭成員，包括已婚伴侶、父母或18歲以下子女
 #FWD  #富衛  #敢至係人生  #富衛健康通行證  #FWDWellnessPass  #一家通用
富衛健康通行證是一個會員計劃，而不是保險產品。服務須受有關條款及細則約束，詳情請參閱此會員計劃之條款及細則（https://bit.ly/3wHvwZL ） 
                    ",13        ,1        ,20221003
5,fwd_hk,2 weeks ago,"
                        Posted @withrepost  • @moov_music  今晚！會展HALL 5BC大集合！🔥

大家準備好未先😆入場前記得睇睇入場須知～一齊Enjoy the show🫶🏻

🎧入場前記得聽熟熱身歌單：https://s.moov.hk/r?s=XvULyN 

 #MOOVLIVE  #MOOVLIVE2022  #FWD富衛保險呈獻MOOVLIVEDEARJANEXCALLSTAR  #FWD富衛保險  #FWD  #富衛  #敢至係人生  #FWDMAX  #DEARJANE  #CALLSTAR 
@fwd_hk @dearjaneofficial @c_allstar @dearjanehowie @dearjanejackal @dearjanenice @dearjanetim @callstarcf @on_callstar @king_c_allstar @jaseforreal @warnermusichk @mediaasiamusic
",59        ,0        ,20221003
6,fwd_hk,2 weeks ago,"
                        【第一，你值得！🏆】 
 富衛一直將客戶放喺No.1，相信每位客戶都值得更好、更全面嘅保障同服務！所以我哋一直以  #保足啲、  #全面啲 為目標，並成功被《2021畢馬威香港顧客卓越體驗調查》評選為「保險產品與服務 性價比全港第一」🎉 ！ 
 
全賴大家嘅支持，富衛保險喺2021年嘅新業務首年保費更係排全港頭3位*。我哋承諾會繼續努力，為你做好No.1💪🏻！ 

*來源：保險業監管局2021年1至12月香港長期保險業務的臨時統計數字，個人及團體保險業務合併計算。 

 #FWD  #富衛  #敢至係人生  #CelebrateLiving  #保足啲全面啲  #性價比全港No1  #新業務首年保費全港頭3位  #活超所值  #第一你值得 
                    ",20        ,0        ,20221003
7,fwd_hk,3 weeks ago,"
                        【限時 5 天】富衛健康通行證 中秋優惠登場 ! 🌕​
一年容易又中秋，人人都把握機會同家人朋友相聚團圓，為慶祝中秋節嘅來臨，我哋送上一連 5日嘅中秋優惠！同大家一齊共慶中秋⭐！​

現使用優惠碼【MIDAUTUMN】申請富衛健康通行證(12個月計劃)可享高達75折優惠 ! 用足一年都只係HK$498 (原價HK$680)，五百蚊就有找！​

富衛健康通行證會員可用低至 5折價錢享受到超過1,400名醫療及保健夥伴提供嘅指定服務，一個價錢，一家*享受！​

立即申請👉 https://bit.ly/3BpeJxC

*全家指主會員及最多3名家庭成員，包括已婚伴侶、父母或18歲以下子女​

 #FWD  #富衛  #敢至係人生  #富衛健康通行證  #FWDWellnessPass  #一家通用​
​
富衛健康通行證是一個會員計劃，而不是保險產品。服務須受有關條款及細則約束，詳情請參閱此會員計劃之條款及細則(https://bit.ly/3wHvwZL) 
                    ",9        ,1        ,20221003
8,fwd_hk,3 weeks ago,"
                        【答問題贏 FWD x 奶茶通俗學™ @milktealogy  《What the Health》NFT！】
喺疫情嘅新常態，以往日常變得不再如常，人生步伐或多或少都要放慢暫停，但敢於接受挑戰嘅香港人又點會甘於停步！富衛伴你一齊  #PressPlay，今次聯乘奶茶通俗學™，推出充滿港式味道嘅《What the Health》NFT系列，鼓勵大家生活中要平衡身心健康，先可以繼續享受人生！如果你都想要呢個 Made in Hong Kong 嘅NFT，只要參加以下遊戲，跟足步驟同答一條簡單問題 。奶茶通俗學™會揀選答得最貼題又最具創意嘅十位參加者，送出《What the Health》NFT一個，齊齊 Celebrate Living之餘，仲可以憑其 NFT 進入FWD 元宇宙，享受獨家體驗同福利！

遊戲方法︰
1. 讚好FWD Hong Kong & Macau專頁及此帖文
2. 於本遊戲帖文留言欄 @Tag  兩位朋友並回答以下問題
「面對疫情打亂人生大計，你點樣去從新投入熱誠生活呢？ 」

截止日期：‪2022 年 9 月 16 日 23:59‬
結果公布日期：‪2022 年 9月 22 日‬或之前
活動條款及細則：https://bit.ly/3Rohvsp

 #FWD  #富衛  #WhattheHealth  #奶茶通俗學  #9GAG  #milktealogy  #NFT  #CelebrateLiving  #PressPlayWithFWD 
                    ",58        ,19        ,20221003
9,fwd_hk,4 weeks ago,"
                        【想一條龍Claim癌症治療費?】

 診斷患癌，手術治療到復康，受保癌症保障範圍內都有得Claim！擔心醫療開支保障唔夠?可以考慮買份癌症保，保障就更全面喇😉！由今日至9月5日，Online投保「揀易保癌症保障計劃 (經濟級別) 」輸入🔥優惠碼：ALL80🔥，即享首年保費2折優惠，折後低至每月$12* 💰！

一click投保👉🏻https://bit.ly/3B6WqNb

------------------------------

【揀易保癌症保障計劃 (經濟級別) 】
✅高達$150萬港元終身癌症保障限額 
✅保障不同階段的受保癌症，包括原位癌及惡性腫瘤
✅全數保障癌症診斷、監察檢查、手術、癌症治療費用
✅保證續保至100歲（下次生日年齡）
✅轉工期間無團體醫保時，可申請指定的臨時醫療保障，毋須額外費用 
✅結婚或子女出世，可以申請延長保費寬限期最多1年 

------------------------------
上述產品由富衛人壽保險（百慕達）有限公司（「富衛人壽」） 承保。上述產品資料不包括保單的完整條款及受相關計劃之條款及細則約束，有關上述產品特點、保障權益及完整之條款、不保事項及主要產品風險詳情，請參閱富衛網站、相關產品小冊子及保單條款。 

優惠受條款及細則約束 
 
*以實際年齡30歲非吸煙男性香港居民投保揀易保癌症保障計劃(經濟級別) 之折後月供保費計算之首年保費，保費均為四捨五入後最接近之數字。實際保費因人而異。 
 
以上所有金額均為港元。除非特別指明，所有年份均指保單年度。 
 
以上內容由富衛金融有限公司（「富衛金融」） 贊助刊登，富衛金融為富衛人壽委任的保險代理商。此廣告僅旨在香港使用，並不能詮釋為在香港境外出售、遊說購買或提供富衛人壽的保險產品。本推廣的銷售及申請程序必須在香港境內進行及完成手續。 
                    ",4        ,0        ,20221003
10,fwd_hk,1 month ago,"
                        【Online投保自願醫保享限定優惠🤩】

今日起，用一份醫保愛錫自己嘅健康✨！把握優惠，送自己一份「自願醫保」，助您更輕鬆應付醫療開支，享受私家醫院嘅醫療服務，畀您專心養病🧡！ 
 
投保更衛您醫療計劃，讓您享有每年高達52萬港元保障限額，保障一系列指定住院、手術 、訂明診斷成像檢測¹等等嘅醫療開支兼不設終身保障限額，保證續保²至100歲（實際年齡），仲可以幫自己申請扣稅³！ 
 
立即Online投保，為自己健康行多步🎉！ 
👉https://bit.ly/3QU6M8H
----- 

上述產品資料不包括保單的完整條款及受相關計劃之條款及細則約束，有關上述產品特點、保障權益及完整之條款、不保事項及主要產品風險詳情，請參閱富衛網站、相關產品小冊子及保單條款。 
 
更衛您醫療計劃為香港特別行政區政府自願醫保計劃的認可靈活計劃（自願醫保計劃認可產品編號：F00015-01-000-02），由富衛人壽保險（百慕達）有限公司（於百慕達註冊成立之有限公司）（自願醫保的產品提供者註冊編號 00036）承保。 
 
優惠受條款及細則約束 
 
¹富衛有權要求有關書面建議的證明，例如轉介信或由主診醫生或註冊醫生在索償申請表內提供的陳述。檢測只包括電腦斷層掃描（“CT”掃描）、磁力共振掃描（“MRI”掃描）、正電子放射斷層掃描（“PET”掃描）、PET-CT組合及PET - MRI組合。 
²富衛將保證於每個保單週年日續保至受保人100歲(實際年齡)，惟只要富衛保持為註冊自願醫保的產品提供者，富衛保證條 款及保障將按不差於續保時由政府公布最新版本的標準計劃條款及保障。 富衛保留於續保前30日提供預先通知修改條款及保障的權利，但須事先獲得政府的批准和重新認證。 
³如您是香港納稅人，並為自己及指明親屬投保，您就每名受保人每課稅年度或可就您已繳付的保費享獲免稅額高達8,000港元。稅 務 扣 減 受 限 於 香 港 特 別 行 政 區 稅 務 局（「稅 務 局」）不 時 的 最 新 政 策 及 條 例。就 任 何 稅 務 建 議，請 參 閱 稅 務 局 
（www.ird.gov.hk/chi/）及自願醫保計劃的網頁（www.vhis.gov.hk/tc/），或直接聯絡稅務局。富衛及其中介人不會提供任何稅務建議。如有疑問，您應諮詢專業稅務顧問。 
 
 
以上所有金額均為港元，所有年齡均為實際年齡。除非特別指明，所有年份均指保單年度。 
 
此廣告僅旨在香港使用，並不能詮釋為在香港境外出售、遊說購買或提供富衛的保險產品。本推廣的銷售及申請程序必須在香港境內進行及完成手續。 
                    ",83        ,0        ,20221003
11,fwd_hk,1 month ago,"
                        【Online投保危疾保享限定優惠🤩】

個個人對保障嘅需求都唔同，FWD自主揀危疾保障計劃，梗有一款fit到您需要😎！無論您係想為自己準備全面啲嘅保障；抑或啱啱畢業budget唔多，想有基本保障傍身，您都可以按個人需要，選擇最適合您嘅產品🧡！ 
 
立即Online投保，即享限定優惠🎉！
👉https://bit.ly/3dTPkTg
------------------------------- 
 
【自主揀危疾保障計劃】 
✅3大疾病權益 & 特定器官之原位癌或早期癌症權益 - 針對佔富衛賠償額約90%嘅3大疾病: 癌症、急性心肌梗塞同中風（《富衛2020年理賠報告》之數據），甚至 
涵蓋原位癌或早期癌症權益 ，一旦確診癌症、急性心肌梗塞或中風會提供現有投保額100%一筆過賠償外，確診特定器官之原位癌或早期癌症更會提供原有投保額35%賠償，支持你及早就醫¹。 
✅危疾權益（自選權益） -  將保障延伸至額外59種指定危疾，提供現有投保額100%一筆過賠償¹，投保後為你適時的提供保障。 
✅3大疾病的額外醫療保障（自選權益）- 全港首創²，若3大疾病權益已支付及/或須支付， 而且於該病首次確診之日起計兩年內，當合資格治療費用達到規定金額，您可額外報銷就該病所產生並且超過指定限額嘅合資格費用。受最高限額所限³。令保障更全面！ 
✅不含儲蓄成分，以低保費，畀你最必需嘅保障 
✅網上簡易投保，最快30分鐘批核，投保額可高達250萬港元⁴ 
 
------------------------------- 
 
上述資料不包括保單的完整條款及受相關計劃之條款及細則約束，有關產品特點、保障權益及完整之條款、不保事項及主要產品風險詳情，請參閱富衛網站、相關產品小冊子及保單條款。 
 
標準計劃為自主揀危疾保障計劃 ，升級計劃為自主揀危疾保障計劃自選附加危疾權益﹐二合一計劃為自主揀危疾保障計劃自選附加危疾權益及3大疾病的額外醫療保障。 
 
優惠受條款及細則約束 
 
上述產品由富衛人壽保險（百慕達）有限公司承保。上述資料不包括保單的完整條款及受相關計劃之條款及細則約束，有關產品特點、保障權益及完整之條款、不保事項及主要產品風險詳情，請參閱富衛網站、相關產品小冊子及保單條款。 
 
*以實際年齡30歲非吸煙男性投保自主揀升級計劃100萬港元投保額之折後首年每月保費計算，保費均為四捨五入後最接近之數字。保費為非保證及不包括保險徵費。實際保費因人而異。 
¹只有被保人在保單生效日起首90日後出現相關疾病之首次徵狀、狀況及進行與相關疾病有關的診斷或手術，富衛方會支付3大疾病權益、特定器官之原位癌或早期癌症權益及危疾權益（如適用）。 3大疾病權益或危疾權益（如適用）僅支付一次，特定器官之原位癌或早期癌症可在指定情況下作出多於1次賠償，直至已支付及／或須支付的總索償額達原有投保額的100%為止。 
²於2021年8月31日由富衛與本港主要保險公司之危疾保險所作出的比較，3大疾病的額外醫療保障為全港首創。 
³最高限額為定期危疾系列下之所有保單的總原有投保額的100%或每名被保人於定期危疾系列下之所有保單的索償金額為1,000,000港元之較低者 
⁴如被保人實際年齡為 60至69歲，則最高投保額為 150萬港元。 
 
以上所有金額均為港元，所有年齡均為實際年齡。除非特別指明，所有年份均指保單年度。 
 
上述產品由富衛人壽保險（百慕達）有限公司（於百慕達註冊成立之有限公司）承保。 此廣告僅旨在香港使⽤，並不能詮釋為在香港境外出售、遊說購買或提供富衛的保險產品。本推廣的銷售及申請程序必須在香港境內進⾏及完成⼿續。 
                    ",25        ,0        ,20221003
0,prudential.hongkong,3 hours ago,"
                        【Jeffrey同黃德斌首次攜手帶你穿越時空】
如果有一次穿越時間嘅機會，你會去搵邊個？魏浚笙 @jeffreyngai  同 黃德斌 @kennywong8384 今次終於見面，究竟佢哋係咩關係？Jeffrey又為德斌做咗啲乜嘢？令德斌好想見到Jeffrey？情節有洋葱，慎入！

保誠用行動，保障您家，讓愛跨越時間。
詳情：pruhk.co/egi

 #保誠保險  #PrudentialHongKong  #保誠心繫每個家庭  #用行動  #讓愛跨越時間  #月月有入息  #傳承每代 
                    ",142        ,21        ,20221003
1,prudential.hongkong,1 month ago,"
                        【🔔Let Your Love Sing聽著毛孩說愛你🔔 送你主⼦專屬嘅唱歌短片，仲有機會演繹情歌MV！💕🎶】 

汪聲喵聲就聽得多，有冇聽過佢哋演唱莫扎特經典音樂？好想聽？今年9⽉30⽇前，做齊下⾯3步，我哋就會將⽑孩嘅聲⾳，製作成⼀段你主子專屬嘅唱歌短片送畀你！每位參與嘅毛孩家長都可以得到㗎！

唔止咁，保誠仲請嚟為MC、Collar、Ian、Jay Fung作曲嘅著名⾳樂⼈ @tma68 ，選出10位靚聲⽑孩，為佢哋創作⼀⾸全新獨家情歌MV，由佢哋🐱🐶做主角，唱出對你嘅愛意，讓🐱🐶用⾏動說愛你～❤️10⽉內會喺保誠嘅Facebook、Instagram同YouTube發佈！主人仲可獲得購物禮券！🌟🤩

🎁豐富獎品🎁：
😍每位參加者可得到用你家毛孩聲音製作嘅唱歌短片（片長約15秒）🎵
😍其中10位被選出嘅毛孩，將一齊演譯由T-Ma創作嘅獨家情歌MV🎶
😍選中嘅毛孩家長仲可贏取HK$1,000崇光百貨購物禮券💵

💖參加辦法💖：
1️⃣喺寧靜環境下，拍低⽑孩（一隻貓🐱或狗🐶）唔多於15秒嘅汪聲/喵聲同靚樣
（提示：影⽚需⼩於50MB，格式為MP4或MOV，全片淨係錄低寵物叫聲，有其他雜音例如人聲就製作唔到唱歌短片）
2️⃣喺保誠嘅網頁 https://bit.ly/3KyKabz 登記同上載短片
3️⃣保誠會為你製作專屬你毛孩嘅唱歌短片，再透過登記電郵送畀你！

*受條款及細則約束：https://pruhk.co/pet-video-tnc，詳情請登入 https://pruhk.co/pet-video-promo。

 #保誠保險  #讓愛代言  #PrudentialHongKong  #LetYourLoveSpeak  #LetYourLoveSing 
                    ",75        ,3        ,20221003
2,prudential.hongkong,2 months ago,"
                        【最後召集📢❗️保誠《提早退休不是夢：做好理財部署 退而不「憂」》網上講座】

保誠心繫每個家庭，推出一系列切合家庭需要嘅網上講座*。用行動，讓愛代言❤️！
大環境持續波動，令未來變數增多，應該點樣籌策一個穩建嘅退休計劃？🤔今次我哋誠邀CFP認可財務策劃師Ray Lee李澄幸先生同全方位財務策劃專家Gin Lee李明正先生，由淺入深教你部署理想退休方案同埋重點分析退休財富分配策略，即場更設有問答環節，等講座嘉賓為「你想」方案提供個人化建議👍🏻！

精彩內容包括：
1️⃣理想人生下半場，你想點就點？究竟要準備幾多退休金先算足夠？
2️⃣點解有啲人可以選擇提早退休？應該幾時開始籌劃穩健嘅理財部署？
3️⃣退休儲備達到理想金額就可以安枕無憂？點樣避免「辛苦錢」受隱藏風險侵蝕？

日期：2022年7月28日（星期四）
時間：6:30-7:30pm

🎉有獎問答環節*🎉
講座完結後，最快答啱簡單問題嘅6位參加者，更將獲安排參加10分鐘免費一對一諮詢環節，Ray同Gin兩位專家會為你提供個人化建議！

名額有限，立即把握最後機會喺7月24日或之前，去 https://bit.ly/3tRQfbM 登記參加啦！

*此講座及諮詢服務之內容資料及/或意見，並不代表保誠的立場，受條款及細則約束，詳情請參閱 https://pruhk.co/rg-tnc 

 #保誠保險  #PrudentialHongKong  #網上講座  #CFP認可財務策劃師  #RayLee  #全方位財務策劃專家  #GinLee  #退休方案  #理財部署  #財富規劃  #名額有限 
                    ",11        ,2        ,20221003
3,prudential.hongkong,2 months ago,"
                        【期間限定打卡熱點📢❗️保誠精選「寵愛寶」寵物保障 x 皓民冰室】

最新推出嘅保誠精選「寵愛寶」寵物保障*唔只用行動貼心守護毛孩寶貝，亦全方位支援毛孩同毛孩父母嘅休憩以及生活所需，致力守護你哋嘅身心健康！💪🏻

即日起至7月31日，保誠聯同皓民冰室打造獨一無二嘅保誠精選「寵愛寶」寵物保障期間限定店✨，等客戶同毛孩共享舒適又滿足嘅幸福時光！💕店內更提供狗狗餐單，歡迎到場向店員查詢。

皓民冰室現場提供多款拍照道具，支持客戶帶同毛孩一齊打卡，為毛孩影輯靚相！做齊以下步驟，仲可獲得小禮品一份^！🎁保誠精選「寵愛寶」寵物保障期間限定店好快就結束㗎喇，快啲將呢個好消息分享俾身邊朋友，趁假期一齊帶埋毛孩打卡兼拎禮物^啦！❤️

1）帶同毛孩到皓民冰室打卡影相（地點：將軍澳唐俊街21號翩匯坊地下17號舖）
2）將相片上傳至個人嘅Instagram帳戶
3）Tag @hoomanhousehk  同埋 @prudential.hongkong  
4）展示帖文俾皓民冰室店員即可獲得精美毛孩襟章一個^

*產品受條款及細則約束。有關詳細產品資料，請參閱產品小冊子及保單條款。
^數量有限，先到先得，送完即止。
受條款及細則約束。

 #保誠保險  #PrudentialHongKong  #用行動  #寵物保障  #寵物  #汪星人  #喵星人  #毛孩  #皓民冰室 
                    ",40        ,1        ,20221003
4,prudential.hongkong,2 months ago,"
                        【保誠《提早退休不是夢：做好理財部署 退而不「憂」》網上講座】

保誠心繫每個家庭，推出一系列切合家庭需要嘅網上講座*。用行動，讓愛代言❤️！

大環境持續波動，令未來變數增多，應該點樣籌策一個穩建嘅退休計劃？🤔今次我哋誠邀CFP認可財務策劃師Ray Lee李澄幸先生同全方位財務策劃專家Gin Lee李明正先生，由淺入深教你部署理想退休方案同埋重點分析退休財富分配策略，即場更設有問答環節，等講座嘉賓為「你想」方案提供個人化建議👍🏻！

精彩內容包括： 

1️⃣理想人生下半場，你想點就點？究竟要準備幾多退休金先算足夠？

2️⃣點解有啲人可以選擇提早退休？應該幾時開始籌劃穩健嘅理財部署？

3️⃣退休儲備達到理想金額就可以安枕無憂？點樣避免「辛苦錢」受隱藏風險侵蝕？

日期：2022年7月28日（星期四）
時間：6:30-7:30pm

📣有獎問答環節*📣
講座完結後，最快答啱簡單問題嘅6位參加者，更將獲安排參加10分鐘免費一對一諮詢環節，Ray同Gin兩位專家會為你提供個人化建議！機會難得，立即去 bit.ly/3tRQfbM 登記參加啦！

*此講座及諮詢服務之內容資料及/或意見，並不代表保誠的立場，受條款及細則約束，詳情請參閱 pruhk.co/rg-tnc

 #保誠保險  #PrudentialHongKong  #網上講座  #CFP認可財務策劃師  #RayLee  #全方位財務策劃專家  #GinLee  #退休方案  #理財部署  #財富規劃  #名額有限 
                    ",17        ,0        ,20221003
5,prudential.hongkong,3 months ago,"
                        【最後召集📢❗保誠《精明「傳承」秘笈：代代相傳無疆界》網上講座】

保誠心繫每個家庭，推出一系列切合家庭需要嘅網上講座*。用行動，讓愛代言！

根據保誠於5月初公佈「財富傳承規劃調查」嘅結果，發現高達87%受訪者認同佢嘅重要性，但過半數（54%）仍然未開始規劃。有見及此，今次我哋誠邀執業律師Albert So 蘇文傑先生，全面剖析點樣喺唔受地域限制嘅情況下，將辛苦經營嘅財富相傳世代，為所愛及早籌劃穩妥無憂嘅未來。 💕

精彩內容包括： 
1️⃣ 仲未決定晚年落腳地？不過財富增值同承傳計劃而家都可以決定？
2️⃣ 用遺囑去將資產留俾後代有咩風險？又點樣可以有效利用保險產品去避免？
3️⃣ 成日都話要規劃財富傳承，咁究竟幾時先係最佳時機呢？

日期：2022年6月21日（星期二）
時間：晚上6:30-7:30

📣有獎問答環節*📣
講座完結後，最快答啱簡單問題嘅6位參加者，更將獲安排參加10分鐘免費一對一諮詢環節，Albert就會為你提供個人化建議！

名額有限，萬勿錯過！即刻把握最後機會喺6月19日或之前，Click入 bit.ly/3tphOce 登記參加啦！

*此講座及諮詢服務之內容資料及/或意見，並不代表保誠的立場，受條款及細則約束，詳情請參閱 pruhk.co/as-tnc

 #保誠保險  #PrudentialHongKong  #網上講座  #蘇文傑律師  #財富傳承  #財富規劃  #名額有限 
                    ",9        ,0        ,20221003
6,prudential.hongkong,4 months ago,"
                        【保誠《精明「傳承」秘笈：代代相傳無疆界》網上講座】

保誠心繫每個家庭，推出一系列切合家庭需要嘅網上講座*。用行動，讓愛代言！

根據保誠於5月初公佈「財富傳承規劃調查」嘅結果，發現高達87%受訪者認同佢嘅重要性，但過半數（54%）仍然未開始規劃。有見及此，今次我哋誠邀執業律師Albert So 蘇文傑先生，全面剖析點樣喺唔受地域限制嘅情況下，將辛苦經營嘅財富相傳世代，為所愛及早籌劃穩妥無憂嘅未來。💕

精彩內容包括： 
1️⃣ 仲未決定晚年落腳地？不過財富增值同承傳計劃而家都可以決定？
2️⃣ 用遺囑去將資產留俾後代有咩風險？又點樣可以有效利用保險產品去避免？
3️⃣ 成日都話要規劃財富傳承，咁究竟幾時先係最佳時機呢？

日期：2022年6月21日（星期二）
時間：晚上6:30-7:30

📣有獎問答環節*📣
講座完結後，最快答啱簡單問題嘅6位參加者，更將獲安排參加10分鐘免費一對一諮詢環節，Albert就會為你提供個人化建議！機會難得，立即Click 入 bit.ly/3PPVGSa 登記參加啦！

*此講座及諮詢服務之內容資料及/或意見，並不代表保誠的立場，受條款及細則約束，詳情請參閱 pruhk.co/as-tnc

 #保誠保險  #PrudentialHongKong  #網上講座  #蘇文傑律師  #財富傳承  #財富規劃  #名額有限 
                    ",18        ,0        ,20221003
7,prudential.hongkong,4 months ago,"
                        【創造只屬於你嘅家庭虛擬化身“Famvatar”！心底話大召集📣】一句贏走HK$2,000超市現金券🎁

一張全家幅唔單止記錄低家人嘅樣貌，仲載滿同佢哋一齊嘅溫馨回憶📸。無論家人嘅樣貌點變，喺你心裏面嘅地位永遠不變。💖💞保誠重視每個家庭，依家就齊齊參加心底話大召集，話俾我哋知你想對家人講嘅窩心說話！

保誠為你帶嚟全新家庭虛擬化身Famvatar，俾你製作出屬於你嘅「全家幅」，仲可以用嚟做Family Stickers，喺社交媒體使用分享！喺保誠網頁簡單幾步就整到，今年6月12日或之前，仲可以參加「家庭虛擬化身Famvatar」有獎遊戲，隨時贏走HK$2,000超市現金券🎁！

➡️ 參加方法及家庭組別：
1. 去保誠網頁 pruhk.co/famvatar 製作Famvatar Sticker
2. 截圖一張Famvatar Sticker並上載到你個人嘅IG Story，連同一句你想同摯愛親友講嘅窩心說話（20個中文字內）
3. 喺IG story加上  #PRUFamvatarHK 同參賽組別嘅Hashtag
組別 1️⃣： #常見家庭（父母＋子女）
組別 2️⃣： #大家庭（任何親人，例如祖父母、表兄弟姊妹、侄子女等）
組別 3️⃣： #同居家庭
4. Tag埋 @prudential.hongkong  ，同埋將帳號設定為公開，我哋先會收到通知㗎！
5. 將IG Story截圖再Inbox我地，咁就完成啦！

📢 玩之前都記得參考一下 @prudential.HongKong  專頁內嘅Story Highlights！

有保誠Pulse App仲方便🤩！喺App內撳入「我的群組」再入「所有群組」，揀啱自己嘅家庭組別群組，喺「建立帖子」時上載一張你嘅Famvatar Sticker截圖同埋一句窩心說話（20個中文字內）。
*Pulse App最多只可以上載5MB檔案。

💖保誠會喺每個家庭組別分別選出5個說話最窩心嘅參賽者，每位送出HK$2,000 超市現金券 

➡️ 家庭虛擬化身Famvatar製作教學：
1. 登入網頁 pruhk.co/famvatar，逐一上載或拍攝每位家庭成員嘅個人照片（*必須為單人照，不適用於嬰兒）
2. 自由揀選每個家庭成員嘅衣著、飾物同配件等
3. 重覆以上步驟加入其他家庭成員
4. 網頁會製作你家庭嘅專屬Famvatar Sticker，可以下載同分享俾親友

參加日期：2022年5月27日至6月12日。

保誠將透過保誠Instagram嘅Direct Message或Pulse帖文留言區位置通知得獎者及收集個人資料以便安排領取現金禮券。受條款及細則約束：pruhk.co/famvatar-tnc

 #保誠保險  #PrudentialHongKong  #MadeForEveryFamily  #PRUFamvatarHK  #家庭虛擬化身Famvatar 
                    ",17        ,0        ,20221003
8,prudential.hongkong,4 months ago,"
                        【全新家庭虛擬化身Famvatar🧏🏻‍♂️，用不同方式，分享家庭嘅愛🥰！】

透過家庭虛擬化身Famvatar，用一個新模式去體會家庭嘅多元化，同屋企人一齊分享生活中每個精彩！🎊

即刻同屋企人一齊製作專屬嘅家庭虛擬化身Famvatar🤩，唔單止畀你自創造型同整Sticker，用全新角度體驗家庭樂趣👨‍👩‍👦，仲可以一齊參加嚟緊嘅有獎活動😎，簡單幾步就做到，仲諗？快啲試下啦！

立即Click入去我哋Bio條Link了解更多啦👨‍👩‍👧

 #保誠保險  #PrudentialHongKong  #用行動  #MadeForEveryFamily  #PRUFamvatarHK 
                    ",11        ,0        ,20221003
9,prudential.hongkong,4 months ago,"
                        【歡迎嚟到一個包容每個家庭嘅世界！🌏🥰】

你嘅家庭係溫馨倆口子👫抑或係有對寶貝仔女👨‍👩‍👧‍👦，甚至係幾代同堂👨‍👩‍👧‍👦👵👴？

無論你嘅家庭係點，你哋都係  #包容每個家庭嘅世界 嘅一份子！即刻去創造你同屋企人專屬嘅家庭虛擬化身 Famvatar，嚟緊仲有有獎活動等你哋一齊參與㗎🎡 ！

立即Click入去我哋Bio條Link了解更多啦👨‍👩‍👧

 #保誠保險  #PrudentialHongKong  #用行動  #MadeForEveryFamily  #PRUFamvatarHK 
                    ",29        ,2        ,20221003
10,prudential.hongkong,4 months ago,"
                        【保誠心繫每個家庭】

每一個家庭都係獨一無二，每一日我哋都好珍惜每個摯愛家庭成員嘅獨特💞！因為有佢哋，令你每日嘅生活都充滿愛🥰

無論你嘅家庭係點，我哋都支持同守護你哋嘅獨特之處。而家召集唔同家庭嘅面孔📣！誠意邀請你一齊建立一個  #包容每個家庭嘅世界 ，創造你同屋企人專屬嘅家庭虛擬化身Famvatar，以全新嘅方式一齊分享❤️！

立即Click入去我哋Bio條Link了解更多啦👨‍👩‍👧

 #保誠保險  #PrudentialHongKong  #用行動  #MadeForEveryFamily  #PRUFamvatarHK 
                    ",26        ,0        ,20221003
11,prudential.hongkong,4 months ago,"
                        【最後召集📢❗保誠《和「孩」共處抗疫境：建立孩子正面學習態度》網上講座】

保誠心繫每個家庭，推出一系列切合家庭需要嘅網上講座*。用行動，讓愛代言！

我哋邀請到曾經舉辦超過300場親子講座同課程嘅親子溝通學導師以及TEDx演說家Gary Lo盧家煒先生，👨‍👩‍👧同咁多位爹哋媽咪分享點可以喺疫境中保持正面心態，用更有效方法同孩子溝通👦🏻💬，仲設有即場問答環節。進一步提升親子關係！

節目內容：
1️⃣ 疫情期間同孩子喺屋企「困獸鬥」多咗磨擦，家長點可以做好EQ情緒管理 ？
2️⃣ 點樣透過「E-A-S-Y」溝通模式，簡單4步令家長同孩子都保持正面樂觀心態？
3️⃣ 點樣提升孩子嘅學習態度同能力？

日期：2022年5月26日（星期四）
時間：晚上6-7時

📣免費小組工作坊*📣
設有有獎問答環節，頭20位答啱問題嘅得獎者可以免費參加60分鐘小組工作坊。Gary到時就會進一步解答你嘅疑難，仲可以同其他家長互相交流親子相處心得！

名額有限，快啲把握最後機會喺5月22日或之前，Click入 pruhk.co/we-do-family-form 登記參加啦！

*受講座條款及細則約束，詳情請參閱 pruhk.co/we-do-family-form-tnc

 #保誠保險  #PrudentialHongKong  #網上講座  #GaryLo  #親子關係  #親子溝通  #名額有限 
                    ",22        ,0        ,20221003
0,bowtiehongkong,1 month ago,"
                        ☂突發社會實驗！Bowtie 共享遮出世喇！(免費！) ️

出街無帶遮好狼狽？唔驚！灣仔區嘅朋友可以嚟 Bow Coffee 免費攞一把去用！(無需消費)

秉承住「有人幫 無人Sell」嘅信念，我哋想喺保險以外嘅日常生活都可以為社區出一分力。就係咁，Bowtie 共享遮正式誕生！呢個係一個社會實驗，我哋會先喺我哋嘅社區 - 灣仔試行！🤗

我哋希望「互相幫助」可以細水長流，一個傳一個 👉🏻 當你用完 Bowtie 遮，可以傳俾下一個有需要嘅人，或者還返嚟 Bow Coffee 俾更多人用到。而以表感激你嘅參與，我哋嘅咖啡師會免費請你飲返杯咖啡！

「攞還攞」3步驟：
1. 「攞」: 唔記得帶遮？唔驚！嚟 Bow Coffee 攞一把去用！
2. 「還」: 用完，歡迎你得閒嘅時候還返畀 Bow Coffee 嘅咖啡師，接受我哋為你準備嘅少少心意 
3. 「攞」: 為咗多謝你，我哋會即時請你飲杯咖啡！☕

免費取遮點除咗Bow Coffee之外仲有Bowtie & JP Health！想飲咖啡嘅就要記得還去Bow Coffee俾Barista 喇 👐🏼

 #趕上夏天的尾巴  #無論係日曬雨淋定天有不測之風雲Bowtie都想為你遮風擋雨  #免費咖啡只限Bowtie遮  #每人限取一把  #有人幫無人Sell
-----------------------------------
條款及細則：
1. 為咗令更多人得到幫助，每人只限取一把 💪🏻

2. 今次嘅社會實驗會先試行兩個月 (2022年9月-10月)，如果反應熱烈，我哋會繼續試！

3. 只要將Bowtie 共享遮歸還到店內俾 Bow Coffee 咖啡師，可免費獲贈一杯價值 HKD $50 的咖啡

4. Bowtie 保留隨時修改本活動條款及細則之權利而毋須事先通知。如有任何爭議，Bowtie 及 Bow Coffee 保留最終決定權。 
                    ",151        ,0        ,20221003
1,bowtiehongkong,1 month ago,"
                        【 Bowtie 正式登陸中環街頭！😎🎀】

有人幫，無人Sell 就係 Bowtie 嘅保險態度！🤝🏻 

只要你有保險問題，我哋都會全程幫你！線上、Whatsapp、電話、真人查詢都無問題！✅

各位中環嘅朋友仔，8月見！🖖🏻

💬 線上 livechat：www.bowtie.com.hk

📞 電話/ Whatsapp：3008 8123

 #中環需要保障  #蘭桂坊需要保障  #答到盡Claim到順  #有人幫無人Sell  #繼續Debug保險  #客戶有心事  #我哋最想知  #保額突破400億  #MakeInsuranceGoodAgain 
                    ",106        ,0        ,20221003
2,bowtiehongkong,3 months ago,"
                        【  #Bowtie 真係有人幫 👨🏻‍💻  仲真係幫咗超過10萬個查詢！】

以為無經紀 = 無人幫？我哋正式宣布！經過 3 年嚟嘅努力，Bowtie 已經成功處理咗超過 10 萬個客戶查詢！係10萬個！喺10萬個查詢入面，我哋用咗唔同途徑希望以最方便大家嘅方式，幫大家解答問題 💁🏻‍♀️💁🏻‍♂️ 小編睇真啲，原來我哋嘅 CS 已經傾咗差唔多6萬個電話 📞🤭 

所以，如果你有保險問題？請放心 ❤️「因為有我哋喺度㗎嘛～」😌

大家最鍾意用邊種方式查詢保險問題呢？請留言話俾我哋知！ 💬 

即刻搵幫手 👉🏻 LINK in bio

 #Bowtie答到盡Claim到順  #有人幫無人Sell  #繼續Debug保險  #客戶有心事  #我哋最想知  #保額突破400億  #MakeInsuranceGoodAgain 
                    ",33        ,2        ,20221003
3,bowtiehongkong,6 days ago,"
                        【 #bowtie賠理claim 🧮 - 醫好鼻竇炎，從此瞓得好！】

🤧 呢排香港空氣污染愈嚟愈嚴重，鼻敏感、鼻塞甚至鼻水倒流真係好常見。如果長期鼻水倒流，連食藥都冇好轉，就好大機會已經患上鼻竇炎👃🏻及早做手術除咗有助舒緩日常呼吸，仲可以大大改善睡眠質素，但好多人都擔心手術費昂貴，未必可以負擔到 😵 今次就同大家分享一個鼻竇炎嘅真實理賠個案，等大家有個參考💪🏻

梁生 (化名) 自 1 月初起鼻水倒流，經醫生初步診斷及轉介，梁先生進行鼻及鼻竇兩側功能性內窺鏡手術，證實梁生患上鼻竇炎、鼻中隔偏曲同鼻甲肥大，需要接受鼻中隔成形術及鼻甲切除術 🩺💊

喺 Bowtie 自願醫保靈活 (基本) 計劃保障下，梁生於 5 月份安排進行鼻中隔成形術及鼻甲切除術，留醫 1 晚後順利出院。連同早前雙側功能性內視鏡鼻竇手術，兩項手術嘅醫療費合共 $162,765 ，而今次梁生總共獲得 $136,809 嘅賠償 💪🏻 處理好病症，梁生終於有覺好瞓喇！

 #bowtie賠理claim 系列會繼續同大家分享不同嘅 Bowtie 真實理賠個案，令大家對保險索償同埋應用不再陌生 💁🏻‍♀️ 💁🏻‍♂️ 遇到唔同情況都可以了解到醫療使費大概係幾多，有個預算 📝 ✅

 #Bowtie賠理Claim  #Bowtie賠幾多  #有Bowtie幫你  #答到盡  #Claim到順  #BowtiePink自願醫保  #Bowtie自願醫保  #醫保  #醫療  #危疾  #意外  #人壽  #自願醫保  #高端醫保  #人壽保  #危疾保  #癌症保  #公司醫保
___________________

以上個案只供參考，索償金額會因應實際醫療狀況而定。 
                    ",16        ,0        ,20221003
4,bowtiehongkong,2 weeks ago,"
                        【 #bowtie賠理claim 🧮 - 割息肉唔駛住院，仲有日間手術現金保障？ 】

💥 生活節奏急促令好多香港人成日食無定時，三餐變兩餐，胃痛肚痛一啲都唔陌生。好多人會忽視呢類小病痛，但其實係需要及早管理㗎 😣其實呢類型嘅病痛係可以進行日間檢查同手術，無需入院，時間上更方便，一齊睇吓呢個真實個案 💪🏻 

李生 (化名)一開始有胃痛同肚痛，經醫生初步診斷及轉介，李生進行咗食道、胃及十二指腸內窺鏡及結腸鏡嘅檢查，結果證實李生患上胃炎及直腸息肉，需要進行息肉切除術 🩺💊

喺 Bowtie 自願醫保靈活 (基本) 計劃保障下，李生輕鬆安排咗日間進行 i) 食道、胃十二指腸內窺鏡 及 ii) 結腸鏡檢查連息肉切除術，兩個項目都唔駛住院！扣除外科醫生費及手術室費後，仲額外獲得合共 $1,600 嘅日間手術現金保障 💪🏻一共獲得 $21,178 嘅總賠償，達到總費用嘅 106%！

類似李生嘅個案，我哋都經常處理，希望透過今次嘅分享幫大家了解更多，touchwood 有需要都可以及早就醫，唔駛擔心影響日常生活 😌 希望李生嚟緊繼續照顧好腸胃健康啊 🤗

  #bowtie賠理claim 系列會繼續同大家分享不同嘅 Bowtie 真實理賠個案，令大家對保險索償同埋應用不再陌生 💁🏻‍♀️ 💁🏻‍♂️ 遇到唔同情況都可以了解到醫療使費大概係幾多，有個預算 📝 ✅

了解更多有關日間手術嘅資訊： LINK in bio

  #Bowtie賠理Claim  #Bowtie賠幾多  #有Bowtie幫你  #答到盡  #Claim到順  #BowtiePink自願醫保  #Bowtie自願醫保  #醫保  #醫療  #危疾  #意外  #人壽  #自願醫保  #高端醫保  #人壽保  #危疾保  #癌症保  #公司醫保
___________________

以上個案只供參考，索償金額會因應實際醫療狀況而定。 
                    ",21        ,0        ,20221003
5,bowtiehongkong,2 weeks ago,"
                        除咗遮風擋雨，Bowtie共享遮仲可以防UV！ ⛱☀️☀️ 呢排雖然無落雨，但係keep住酷熱天氣警告同紫外線放題 🥵⚠️☄️ 出陣街就會黑咗兩度。

學天文台話齋，大家要適當防曬 🧴 🕶⛱，減低紫外線對皮膚🧴同眼睛 👀 嘅傷害啊！

用完共享遮嘅，得閒可以還返嚟 @bowcoffee.hk  ！我哋會請你飲返杯啡消消暑以示感謝 🤗 

 #你嗰邊落雨啫  #我呢邊無喎  #做好防曬  #防UV  #保護皮膚  #保護眼睛  #減低皮膚癌風險  #減低白內障風險  #日曬雨淋都有Bowtie  #Bowtie為你遮風擋雨擋UV  #Bowtie免費共享遮  #每人限取一把  #攞遮還遮攞咖啡  #免費咖啡只限bowtie遮同bowcoffee  #有人幫無人sell

記住以下取遮點 ✅

📍Bow Coffee
香港灣仔皇后大道東58-64號帝后商業中心地下A-D舖
@bowcoffee.hk  

📍Bowtie & JP Health
灣仔軒尼詩道 8-12 號中港大廈地下 B 號舖
@bowtiejphealth  

🤝🏻 Crew Coffee
灣仔皇后大道東156-164號安興大廈地下9A號舖
@crewcoffee.hk  

🤝🏻 MKK 馬景記印刷有限公司
灣仔蘭杜街2號地下 麗都大廈6號舖
https://www.makingkee.com/zh 
                    ",51        ,0        ,20221003
6,bowtiehongkong,3 weeks ago,"
                        又到月餅節喇 🌝 🥮 Bowtie 預祝大家中秋節快樂，人月兩團圓 🙆🏻‍♀️🙆🏻‍♂️ 

 #3日假希望大家食得晒啲月餅😆
 #唔使成個禮拜月餅當飯食 

 #Bowtie  #祝大家中秋節快樂 #MakeInsuranceGoodAgain 
                    ",44        ,0        ,20221003
7,bowtiehongkong,3 weeks ago,"
                        再多一個共享取遮點！☔️☔️ 多謝馬景記印刷有限公司 (灣仔分店) 加盟支持 Bowtie 共享遮計劃 💪🏻 一齊為大家遮風擋雨 ☔️

馬景記成立於1950年， 而灣仔分店喺1980年代正式開業，係一間具有豐富晒圖影印經驗嘅印刷公司。作為滿佈寫字樓同住宅嘅灣仔區，馬景記既係唔少白領嘅好幫手，亦喺日常生活中為唔少街坊帶嚟文書上嘅便利 🤗 簡單啲講，有嘢想印，大家會即刻諗起「馬景」🤘🏻

而家喺馬景記都可以攞到共享遮以備不時之需喇！💪🏻 今日天氣都好好，歡迎大家得閒隨時過 @bowcoffee.hk  還遮順便飲咖啡 ☕ 一齊幫下一個有需要嘅人

仲有以下共享取遮點 ✅

📍Bow Coffee
香港灣仔皇后大道東58-64號帝后商業中心地下A-D舖
@bowcoffee.hk  

📍Bowtie & JP Health
灣仔軒尼詩道 8-12 號中港大廈地下 B 號舖
@bowtiejphealth  

🤝🏻 Crew Coffee
灣仔皇后大道東156-164號安興大廈地下9A號舖
@crewcoffee.hk  

🤝🏻 MKK 馬景記印刷有限公司
灣仔蘭杜街2號地下 麗都大廈6號舖
https://www.makingkee.com/zh

 #天有不測風雲  #Bowtie為你遮風擋雨  #Bowtie免費共享遮  #每人限取一把  #攞遮還遮攞咖啡  #免費咖啡只限bowtie遮同bowcoffee  #有人幫無人sell 
                    ",72        ,0        ,20221003
8,bowtiehongkong,4 weeks ago,"
                        多謝 John Tsang 曾俊華將我哋共享遮呢個社會實驗同更多朋友分享，我哋希望可以為身邊嘅人同社區做多少少 💪🏻 呢兩日開始見返陽光，仲有少少秋風㖭！歡迎大家得閒隨時過嚟還遮順便飲咖啡 ☕ 一齊幫下一個有需要嘅人 🤗

不過嚟緊都有機會落雨，大家出街記住留意天氣喇，有需要可以嚟我哋嘅取遮點 ☂️

📍Bow Coffee
香港灣仔皇后大道東58-64號帝后商業中心地下A-D舖 
@bowcoffee.hk  

📍Bowtie & JP Health 
灣仔軒尼詩道 8-12 號中港大廈地下 B 號舖
@bowtiejphealth 

🤝🏻 Crew Coffee 
灣仔皇后大道東156-164號安興大廈地下9A號舖
@crewcoffee.hk  

 #天有不測風雲  #Bowtie為你遮風擋雨  #Bowtie免費共享遮  #每人限取一把  #攞遮還遮攞咖啡  #免費咖啡只限bowtie遮同bowcoffee  #有人幫無人sell 
                    ",133        ,0        ,20221003
9,bowtiehongkong,1 month ago,"
                        街頭攞☂️街尾還☂️  #皇后大道東

多謝 @crewcoffee.hk  支持 Bowtie 共享遮計劃！一齊為大家遮吓風擋吓雨☔️☔️

而家喺 @crewcoffee.hk  都可以攞到共享遮以備不時之需喇！🤗 

仲有以下兩個共享取遮點 ✅

📍Bow Coffee 
香港灣仔皇后大道東58-64號帝后商業中心地下A-D舖

📍Bowtie & JP Health
灣仔軒尼詩道 8-12 號中港大廈地下 B 號舖

喜歡呢個意念嘅希望你可以分享出去，俾更多人知，一齊互相幫助💪🏻 

 #Bowtie免費共享遮  #為你遮風擋雨  #街尾攞遮  #街尾還遮攞咖啡  #又得  #免費咖啡只限Bowtie遮同BowCoffee  #每人限取一把  #有人幫無人sell 
                    ",70        ,1        ,20221003
10,bowtiehongkong,1 month ago,"
                        連續落左三日雨 ☔️ 今日終於有返啲太陽喇🌞

認住我哋兩個共享取遮點 @bowcoffee.hk  同 @bowtiejphealth  ，有需要就過嚟攞還攞啦 🤗

📍Bow Coffee
香港灣仔皇后大道東58-64號帝后商業中心地下A-D舖

📍Bowtie & JP Health
灣仔軒尼詩道 8-12 號中港大廈地下 B 號舖

為咗多謝還遮嘅你，我哋會即時請你飲杯咖啡！☕️ (記得直接還畀 Bow Coffee 嘅咖啡師)

喜歡呢個意念嘅希望你可以分享出去，俾更多人知，一齊互相幫助💪🏻

 #Bowtie免費共享遮  #為你遮風擋雨  #攞遮還遮攞咖啡  #免費咖啡只限Bowtie遮  #每人限取一把  #有人幫無人sell 
                    ",70        ,0        ,20221003
11,bowtiehongkong,1 month ago,"
                        今日繼續突然落大雨🌧️😯 我哋同事們一齊出動將共享遮分發俾附近有需要嘅朋友！短短半個鐘，卻十分感動！希望共享遮可以繼續傳開去，一個傳一個俾有需要嘅人！

認同嘅希望你都可以將呢個意念分享出去，俾更多人知道，用心互相幫助 🙌🏼 💪🏼 

記住我哋兩個共享遮取遮點 @bowcoffee.hk 同 @bowtiejphealth  啊！為咗多謝還遮嘅你，我哋會兌現承諾，即時請你飲杯咖啡！☕️ (記得直接還畀 Bow Coffee 嘅咖啡師)

📍Bow Coffee
香港灣仔皇后大道東58-64號帝后商業中心地下A-D舖

📍Bowtie & JP Health
灣仔軒尼詩道 8-12 號中港大廈地下 B 號舖

 #Bowtie免費共享遮  #為你遮風擋雨  #免費咖啡只限Bowtie遮  #每人限取一把  #有人幫無人sell  #makeinsurancegoodagain 
                    ",180        ,4        ,20221003
0,axahongkong,5 hours ago,"
                        【C You Soon🎶】C AllStar即將舉行首個大型戶外聖誕音樂盛宴！ 

AXA安盛冠名贊助演唱會🎤一浪接一浪! 集合吧 ，C AllFans⭐！

每年聖誕於街頭快閃報佳音，幾乎係 @c_allstar  每年與歌迷之約。相隔數年，C AllStar再次「找數」，甚至移師到更大的戶外舞台 - 會喺「AXA x WONDERLAND」(安盛 x 竹翠公園) 同大家見面😎🎉！

AXA安盛好榮幸可以冠名贊助C AllStar嘅戶外演唱會😆 ! C AllStar揚言將為歌迷打造最難忘嘅聖誕🎅🏻，並透露今次音樂會必定會有耳熟能詳嘅熱門歌🎼，誓要與歌迷於冬日氛圍下一同大合唱🥳! C AllFans⭐記得準時撲飛啦！

《AXA安盛呈獻：Harbour The Sonic - Let It Snow C AllStar Live 2022》
日期：2022年12月23至25日 (共3場)
時間：晚上8時
地 點：AXA x WONDERLAND | 安盛 x 竹翠公園 (位於西九文化區苗圃公園）
票價：HKD888/HKD688/HKD488
優先購票及公開發售網址：http://tix-get-go.kktix.cc

 #AXA安盛  #AXAxWONDERLAND  #安盛x竹翠公園  #西九文化區  #CAllStar 
                    ",101        ,6        ,20221003
1,axahongkong,7 hours ago,"
                        【等到喇等到喇🎶】洪嘉豪即將舉行首個個人演唱會！ 

召集各位「院友」🕺🏻，@hungkaho 首個戶外個唱即將登陸由AXA安盛命名嘅「AXA x WONDERLAND」(安盛 x 竹翠公園)😎，用音樂同大家度過一個愉快嘅晚上🎉！

作為冠名贊助，AXA安盛當然會全力支持「院長」😆，等佢可以喺台上展現主角光環！約定你，AXA x WONDERLAND見🧡!

《AXA安盛呈獻：The Cycle Of… Kaho Hung Live 2022》
日期：2022年11月12至13日 (共2場)
地 點：AXA x WONDERLAND | 安盛 x 竹翠公園 (位於西九文化區苗圃公園）
時間：晚上8時15分
票價：HKD780/HKD580

恒生Mastercard客戶優先訂票
優先訂票日期: 2022年10月10日(上午11時) 至10月12日 (晚上11時59分)

公開發售
發售日期: 2022年10月19日
訂票渠道：TIX-GET-GO.KKTIX.CC

 #AXA安盛  #AXAxWONDERLAND  #安盛x竹翠公園  #西九文化區  #洪嘉豪 
                    ",307        ,31        ,20221003
2,axahongkong,10 hours ago,"
                        【Gareth. T話你知，健康可以Guarantee有回報！】

由隨性R&B💫到浪漫情歌🎼，人氣唱作人 @gareth_tong  （湯令山）每次都令人有種「估佢唔到」嘅感覺！而今次係Gareth首次擔正保險廣告，一人分飾兩角，包括緊張不安嘅病人以及專業型格嘅Dr T，再一次為大家帶嚟驚喜💥❗

唔單止Gareth破格，全新AXA安盛嘅「醫保值附加契約💊」同樣破格，由Dr T 話你知預繳AXA安盛醫保保費，每年可賺高達4️⃣％利息*💰，回報全港最高^🌟，真係Guarantee有利息賺咁好！健康，原來可以「寫包單」有回報🤘🏻✨！

AXA安盛全新「醫保值附加契約💊」，其創新特點包括：
✔️ 每年高達4%保證利息*，回報全港最高^
✔️ 預先繳款安排，額外4%保證優惠年利率*
✔️ 可選擇預繳醫保年繳保費之3倍或5倍
✔️ 住院現金保險賠償長達1,000日
✔️ 申請簡便，無需驗身
✔️ 無需等待至保單週年日，所有合資格AXA 安盛醫療保障計劃客戶亦可申請！

📣而家投保更享高達6個月嘅保費回贈✨，立即Click入嚟了解更多：https://bit.ly/3SGiLHt

受條款及細則約束。詳情請參閱網站連結內的產品說明書及推廣資料。
*4%利息是指指定期內獲取。
^ 此乃根據保險業監管局獲授權的保險人登記冊中，經營綜合業務及長期業務的保險公司提供可於2022年8月31日承接新保險業務保單申請的短期儲蓄產品進行比較。
 #AXA安盛  #醫保值附加契約  #全新醫保附加契約 
                    ",86        ,5        ,20221003
3,axahongkong,6 days ago,"
                        【0+3 想放個悠長假期？🤩】

最近入境檢疫政策再度放寬，由「3️⃣＋4️⃣」改為「0️⃣＋3️⃣」，旅客抵港後可以返屋企或於自選酒店進行三日醫學監察。呢個最新嘅安排，相信一定令大家心郁郁想即刻出遊喇！🙌🏻

而AXA安盛已經整合咗未來幾個月嘅「請假攻略 」，幫大家計過度過點樣請假先可以自製長假期，為自己充充電！

不過開心出遊嘅同時，其實感染嘅風險依然存在⚠️！所以出發前除咗計劃好行程，買埋涵蓋新冠肺炎嘅旅遊保險就更好啦🙆🏻‍♀️！如果喺外地不幸確診，AXA 安盛嘅「卓越」豐盛優遊樂仲會助你應付醫療開支🩺，醫療費用保額高達100萬港元💰！

想知更多旅遊保險嘅貼心保障，立即入呢度了解更多啦：https://bit.ly/3DWUWXW

受有關條款及細則約束。詳情請參閱網站連結內的產品資料。

參考資料：
https://bit.ly/3dH0CdQ
https://bit.ly/3DKKiU2

 #AXA安盛  #卓越豐盛優遊樂  #0加3  #請假攻略 
                    ",41        ,1        ,20221003
4,axahongkong,6 days ago,"
                        【AXA安盛新一位合作嘅artist係⋯⋯🤔】

AXA安盛即將推出全新醫保產品，而呢位戴咗口罩嘅神秘人，就係今次同我哋合作嘅artist🌟！你以為佢會除低口罩⋯⋯點知貪玩嘅佢原來仲有下一個口罩😷🪄！

如果你已經估到佢係邊個💡，就快啲留言同我哋分享啦！想知佢今次有咩搞作，就記得留意10月3日AXA安盛嘅Facebook專頁喇！ Guarantee有驚喜！

 #AXA安盛  #無限口罩  #全新醫保附加契約 
                    ",102        ,3        ,20221003
5,axahongkong,1 week ago,"
                        【「擁抱生活 四重激賞」 Emma by AXA抽獎活動】過3關，贏4獎🎁

AXA安盛「擁抱生活 四重激賞」抽獎活動正式開始！唔使任何消費，無論你有冇AXA安盛嘅保單都好，只要用手機登入Emma by AXA應用程式即可參加📱！ 

遊戲共3關，每關都設有唔同主題，只需回答幾條簡單選擇題即可進入即時抽獎或自選獎賞*✨， 即抽即中禮品包括超市現金券、外賣平台現金券、連鎖咖啡店現金券、免費90日自選保障等❤️！

只要喺11月30日或之前完成晒3關，仲可以登記👉👉終極大抽獎👈 👈，有機會贏取雙人香港直升機🚁及英式下午茶之旅🍰🍩🍨🥂、智能電話📱、酒店禮品卡等豐富獎品🎁！

📣參加方法：
1. 下載Emma by AXA手機App及完成註冊程序：https://emmabyaxa.page.link/emmafb1
2. 前往「擁抱生活 四重激賞」頁面，按指示開設玩家檔案
3. 完成每關遊戲就可以進行即時抽獎或自選獎賞

第1關已經開始咗喇！唔想miss任何抽獎機會？即刻mark低埋以下重要日子啦！❤️
🗓第2關：10月8日開始
🗓第3關：11月8日開始
🗓終極大抽獎：12月6日

入嚟了解更多活動詳情：https://bit.ly/3f44N3N

*受條款及細則約束。推廣生意的競賽牌照號碼: 56072-4

 #AXA安盛  #EmmabyAXA  #擁抱生活四重激賞 
                    ",34        ,0        ,20221003
6,axahongkong,2 weeks ago,"
                        【「玩轉『利』主場」第二集】窺探利記「秘密基地」👀 隨時贏走簽名波衫！

利物浦球員踢波大家就見得多，但訓練背後嘅生活你又知幾多呢🤔? 
比賽前飲食上有咩要注意？最揀飲擇食嘅球員係邊位你又知唔知😜？

AXA安盛作為利物浦嘅官方主要夥伴，特別為球迷走訪平時冇對外開放嘅地方😎！今集我哋就帶大家睇吓佢地嘅「秘密基地」，同時請到其中一位「幕後功臣」── 主隊廚師 Tom Anglesey👨🏻‍🍳 同大家講吓球員嘅飲食習慣！

🎥睇完片記得留言參加有獎遊戲！只要話我哋知「如果你可以同一位利物浦球員一齊喺AXA Training Centre體驗一日，你會揀邊個？同埋做乜嘢？」，最有創意嘅留言就有機會贏取豐富嘅禮品包括傳奇人物Ian Rush嘅簽名波衫！🤩

🕹遊戲玩法： 
1️⃣ Like 「AXA 安盛 - Hong Kong and Macau」Facebook專頁同呢個Post
2️⃣ 喺留言位置回答呢個問題：「如果你可以同一位利物浦球員一齊喺AXA Training Centre體驗一日，你會揀邊個？同埋做乜嘢？」📝答案範例：「Firmino，我想同佢踢波+食牛肉漢堡！」
3️⃣ Tag兩位利迷朋友
4️⃣ AXA安盛將挑選出5個最有創意嘅答案
5位得獎者分別可獲得：
🏆大獎：Ian Rush親筆簽名「復古1984主場球衣」（1名）
🏆二獎：Ian Rush親筆簽名「LFC The Anfield Song歌集」（共4名）
活動截止日期︰2022年9月16日正午12時

📣咁難得嘅機會點可以錯過，快啲去AXA安盛Facebook專頁留言參加遊戲，就有機會贏到喇🎊 ！

下一集「玩轉『利』主場」仲會有３位主隊球星🤩帶我哋去Anfield唔同嘅地方參觀，包括我哋嘅 AXA Box！大家一定要記得Like👍我哋嘅專頁，咁就唔會錯過任何內容喇！

 #AXA安盛  #利物浦  #官方主要合作夥伴  #有獎遊戲 
                    ",14        ,0        ,20221003
7,axahongkong,3 weeks ago,"
                        【AXA安盛祝大家中秋節快樂！ 】

一年容易又中秋🌕，AXA安盛祝大家有個愉快嘅賞月夜🎑！適逢今年中秋有個長假期，不妨花多啲時間陪吓屋企人及身邊摯愛，一齊食住月餅賞月🥮，享受天倫之樂🎡！

最近因為疫情回升，好多傳統活動例如大坑舞火龍🐉、大澳花燈節🏮未能夠舉辦，所以喺度提提大家，去各種中秋活動前記得睇清楚會否如常舉行呀🌟！

 #AXA安盛  #中秋節快樂  #人月兩團圓 
                    ",66        ,0        ,20221003
8,axahongkong,1 month ago,"
                        【Kenneth生活百保】10秒鐘保險雜誌⏱️─ 家居篇！

🙋🏻‍♀️：「打風打到連屋都住唔到，有咩係你哋包㗎🏚️？」
🙋🏻‍♀️：「屋企俾人爆格又有冇得賠💰？」
🙋🏻‍♀️：「家居保係業主買，定租客買㗎🤯？」

好多人都會投放唔少金錢同心思去建立舒適嘅安樂窩，但家居意外隨時話嚟就嚟💦

當以上情況發生嘅時候，你又清唔清楚幾時保，幾時唔保呢🤔？面對家居保嘅種種疑問，唔使上網慢慢搵資料，呢條片10秒鐘🌟內就為你解答清楚！

「Kenneth生活百保」已經整合好有關家居保險嘅常見問題，幫你為未知嘅意外諗多步，一齊守護你嘅安樂窩🏠！想自己嘅居所有更全面嘅保障，就要記得投保「卓越」豐盛優居樂喇🏠💕！

由即日起至8月31日投保更可享75折優惠🎁！立即了解更多「卓越」豐盛優居樂嘅詳情：
https://bit.ly/3oRrJoi

受條款及細則約束。詳情請參閱網站連結內的產品說明書及推廣資料。

 #AXA安盛  #10秒鐘保險雜誌  #家居安全須知   #Kenneth生活百保 
                    ",19        ,0        ,20221003
9,axahongkong,1 month ago,"
                        【Kenneth生活百保】10秒鐘保險雜誌⏱— 旅遊篇！

🙋🏻‍♀️：「行李唔見咗有冇得Claim🧳？」
🙋🏻‍♀️：「同行屋企人喺旅行期間中咗新冠肺炎，搞到要取消行程回港，包唔包？」
🙋🏻‍♀️：「返港航班取消咗，咁點算好✈️？」

今時今日去旅行，除咗要睇定有咩好食好玩，仲有好多嘢要考慮㗎！好似以上情況咁，你又知唔知幾時保，幾時唔保呢🧐？面對呢堆疑問，唔使咁迷茫嘅！睇睇呢度，只需10秒鐘就知道保定唔保🌟！

「Kenneth生活百保」今次就幫你整理好一啲有關旅遊保險嘅常見問題。想玩得安心又盡情，記得投保AXA安盛「卓越」豐盛優遊樂🎓！

而家投保仲有75折優惠🎁，立即了解更多「卓越」豐盛優遊樂嘅詳情：https://bit.ly/3oBhyUQ

受條款及細則約束。詳情請參閱網站連結內的產品說明書及推廣資料。

 #AXA安盛  #10秒鐘保險雜誌  #旅遊須知  #Kenneth生活百保 
                    ",26        ,0        ,20221003
10,axahongkong,1 month ago,"
                        【Kenneth生活百保】10秒鐘保險雜誌⏱— 留學篇！

🙋🏻‍♀️：「到底留學期間去旅行受唔受保🧳？」
🙋🏻‍♀️：「玩熱氣球滑雪包唔包⛷？」
🙋🏻‍♀️：「海外兼職又有冇保障？」
🙋🏻‍♀️：「返香港探親又保唔保呢✈️？」

好多父母都會為即將出國嘅仔女購買海外升學保，但以上情況你又知唔知幾時保，幾時唔保呢🧐？面對呢堆疑問，唔使上網左摷右摷！只需10秒鐘🌟就知道保定唔保！

「Kenneth生活百保」已經整合好常見問題，一一為你解答🤓，幫你喺出國之前釐清所有概念。想留學子女生活有更好保障，記得投保AXA安盛「卓越」海外升學樂🎓！

而家投保仲有9折優惠🎁，立即了解更多「卓越」海外升學樂嘅詳情：https://bit.ly/3nYzpVt

受條款及細則約束。詳情請參閱網站連結內的產品說明書及推廣資料。

 #AXA安盛  #10秒鐘保險雜誌  #留學須知  #Kenneth生活百保 
                    ",38        ,0        ,20221003
11,axahongkong,2 months ago,"
                        【食飯順序決定血糖高低🍽️！】

明明每日食嘅餐單已經好健康🥗，點解一食完仲係好眼瞓🤔？可能係同進食順序有關💡！

食飯順序唔正確，會令你嘅血糖同胰島素分泌上升！想食得飽同時避免血糖升高，就要學識「菜湯肉飯果」嘅開餐順序喇🍱：

1️⃣「菜🥦」：豐富膳食纖維，可降低血糖上升的速度
2️⃣「湯☕️」：水分令蔬菜嘅膳食纖維膨脹，進一步推高飽腹感
3️⃣「肉🍖」：蛋白質類食物消化時間較長，可避免血糖急升
4️⃣「飯🍚」：較後進食有效減少攝取分量及緩衝血糖
5️⃣「果🍎」：餐後半個鐘再進食水果，可避免升糖急升，同時補充維生素

喺飲食習慣上嘅小小改變，已有助穩定血糖。而除咗血糖，想變得更健康，血壓同體重都要好好控制！立即下載Emma by AXA手機應用程式參加「BeOnTrack健康同步計劃」，每日只需10港元*，就有專業團隊全力輔助，同你展開12個月嘅健康之旅💡！
🏃🏻‍♀️產品特點包括：
✔️可以選擇體重、血糖、或血壓重健方案 
✔️只需每日10港元*，即可展開12個月健康之旅 
✔️提供家庭醫生、營養師及私人健身教練等專業會面諮詢，全面分析你嘅飲食同運動習慣 
✔️提供化驗項目，如空腹血糖/膽固醇/尿液分析等 
✔️提供個人化健康監察服務，幫你控制好體重、血糖或血壓 
✔️透過Emma by AXA手機App，隨時Track住健康狀況

而家登入或下載Emma by AXA 手機App參加BeOnTrack健康同步計劃，投保指定危疾保障仲有2,000港元保費回贈🌟：https://bit.ly/3Pk6Eie

想知更多計劃詳情，立即Click入呢度啦：https://bit.ly/3PURpfI

受條款及細則約束。詳情請參閱相關推廣計劃宣傳網頁及單張。
*計劃為期12個月，參加者須為每個方案一次繳交費用3,650港元並須自費隨所選方案另行購買指定自我監測裝置。

參考資料：https://bit.ly/3oC74EZ 

 #AXA安盛  #BeOnTrack健康同步計劃  #365日健康應援  #菜湯肉飯果 
                    ",20        ,0        ,20221003
0,hsbc_hk,3 hours ago,"
                        【滙豐Mobile Banking獨家呈獻： Tyson Yoshi x Serrini 《DuoVerse》音樂會】
滙豐Mobile Banking首次搞 Music Show，就梗係要俾你最潮最digital嘅玩法啦！但到底全港首個《DuoVerse》有幾宇宙級？
✨Duo表演空間 - 貫穿現實 X 元宇宙，兩個空間實時同步
✨Duo表演嘉賓 - 唱作新星Tyson Yoshi💪同Serrini💎二人首次同台演出
✨Duo睇Show體驗 - 一邊聽歌，一邊透過自創嘅元宇宙角色同歌手互動
 
這些機會⋯⋯得HSBC HK App📱嘅香港用戶先有㗎*！即日起至2022年12月31日，做齊以下步驟即獲音樂會門票抽獎機會🎫。登入越多，中獎機會越大🎁
 
步驟1️⃣：登記參加抽獎
步驟2️⃣：每月登入Log on HSBC HK App📱
步驟3️⃣：查閱App內「個人預算」頁面📊
 
仲未用過HSBC HK App 📱？ 立即下載成為全新用戶，兼完成上述步驟，仲額外送多5次抽獎機會同港幣50元獎賞^！即刻登記👉http://grp.hsbc/DP1003TIA
 
 #HSBC  #HSBCMobileBanking  #全民Logon  #HSBCHKApp  #DuoVerse

*優惠須受條款及細則約束和適用於身處香港人士
+HSBC HK App新用戶成功首次登入後，需等三個工作天方可瀏覽「個人預算」頁面
^港幣50元PayMe獎賞為折扣優惠券，可於使用PayMe惠顧任何 PayMe for Business 商戶時自動扣減（儲值支付工具牌照編號：SVFB002）
 
【HSBC Mobile Banking Presents: Tyson Yoshi x Serrini 《DuoVerse》Music Show】
HSBC Mobile Banking’s first music show breaks boundaries in every sense to offer you the most sensational and digital music show experience in town! But what exactly is《DuoVerse》?
✨Duo stages: a live music show sychronised between real-world and the metaverse 🪐
✨Duo artists: the first on-stage collaboration between indie phenomena, Tyson Yoshi and Serrini
✨Duo live experiences: interact with your favourite artists as with your customised avatar while enjoying the show
 
Now, only HSBC HK App📱 users in Hong Kong* are in the race for the tickets. From today to 31 December 2022, follow the steps below to join the lucky draw. The more you log on, the higher your chances are in scoring tickets🎫!
 
Step 1️⃣: Register for the lucky draw
Step 2️⃣: Log on to HSBC HK App every month
Step 3️⃣: Visit the ‘Budget’ tab on the HSBC HK App+

Haven’t got the app? Download now and gain FIVE extra chances in the lucky draw as well as HKD50 reward^ as a new user🤩! 
Register now👉http://grp.hsbc/DP1003EIA
 
 #HSBC  #HSBCMobileBanking  #全民Logon  #HSBCHKApp  #DuoVerse

*The offers are intended for persons in Hong Kong, terms and conditions apply
^HKD50 PayMe discount vouchers will be automatically applied to your next purchase at any PayMe for Business merchant when you pay with PayMe (SVF license no: SVFB002)
@tysonyoshi @gwendolyn.spot
",11        ,0        ,20221003
1,hsbc_hk,5 hours ago,"
                        【 #ESG關你事 你收到一則ESG任務挑戰🏁】
ESG唔關你事？其實最關事！由你出世嚟到地球嗰刻起，ESG就已經同你密不可分🌏。

而家，終於有任務俾你哋啦！跟據圖片用你嘅出生年、月、日嘅最後一個數目字🗓搵出你「天生註定」嘅ESG任務，例如「我同BFF去印尼曬太陽發電🌞」。記得留言tag埋你嘅朋友，搵出同你肩負一樣任務嘅超級人類！

十月係ESG關注月，我哋會陸續推出同環境 (Environment)、社會(Social) 及治理 (Governance) 關事嘅 post 同活動，記得留意喇👏🏻！

更多可持續發展資訊：
http://grp.hsbc/ESG-IG1-TC

*為保障你的私隱，切勿透露任何個人資料（包括出生日期）

 #滙豐  #ESG關你事  #ESG任務  #ESG關注月

【 #ESGmatters ESG Mission received 🏁】
Does ESG matter to you? Yes, it’s all about you! From the moment you were brought into the world, ESG has been deeply intertwined to you 🌏.

Now, you were assigned with a challenge. Find your ESG mission according to last digits of your date of birth (each for YYYY/MM/DD) 🗓 and the image shown. For instance, “I go to Indonesia to have a ‘solar’ bath with my besties and generate electricity 🌞.” Don’t forget to tag your friends and identify another superhuman carrying the mission!

The October is ESG month. We will launch more content and activities related to Environment, Social and Governance. Keep an eye out 👏🏻!

To learn more: http://grp.hsbc/ESG-IG1-EN

*In the interest of your security, please don’t post your personal details (including your date of birth)

 #HSBC  #ESGmatters  #ESGmission  #ESGmonth 
                    ",27        ,3        ,20221003
2,hsbc_hk,1 day ago,"
                        【🦁  #滙豐理財世一大考 有獎問答遊戲 第三彈】
十個年輕人當中，有幾多個係月光族*？
A）0 
B）6 
C）10 
D）乜嘢係月光族？ 我要代表月亮消滅你們！
 
*資料來源 : 香港教育大學教育政策與領導學系「青少年個人理財知識、行為與態度」調查
 
有獎遊戲玩法：
1. 讚好滙豐香港 Instagram 專頁
2. 留言問題嘅正確答案，再tag三位親朋好友及分享如何不做月光族的方法
3. HSBC會以隨機抽獎形式抽出4位朋友，每位將獲得 Dyson Airwrap™ 多功能造型器一份 ，價值港幣4,480元
 
小編示範先！🎉
答案係 Z，我係滙豐學投資，就不用做月光族啦！＠小滙 ＠小豐 ＠小獅子 你哋呢？
 
遊戲日期：2022年10月2日至10月6日晚上11時59分
得獎名單公佈日期：2022年10月8日於此帖文公佈，並有專人聯絡領獎方法

遊戲條款及細則: https://grp.hsbc/6170MwNAi
 
投資涉及風險 。
優惠受條款及細則約束。此優惠適用於身處香港人士。
 
 #滙豐  #滙豐理財世一學堂

【🦁  #HSBCWealthAcademyExam Giveaway No.3】
According to research*, how many teenagers (out of 10) live from paycheck to paycheck? 
A) 0 
B) 6
C) 10
D) Paycheck to paycheck? What does that mean?

*Research conducted by Department of Education Policy and Leadership, The Education University of Hong Kong

How to play:
1. Follow the HSBC Instagram page
2. Leave in the Comment section the correct answer to the question, and tag three friends and share how to break the paycheck to paycheck cycle. 
3. HSBC will randomly draw 4 lucky winners, who will each receive one Dyson Airwrap™ multi-styler Complete (worth HKD4,480)
 
Siu Pin will go first! 🎉
The correct answer is Z! I learn how to invest with HSBC, so I don’t have to live from paycheck to paycheck! @ FriendA @ FriendB @ FriendC How about you? 

Promotion period: 2 Oct – 6 Oct  2022 11:59pm
Winner announcement date: On 8 Oct 2022 on this post; we will also get in touch with the winners individually for prize collection arrangements

T&C: https://grp.hsbc/6171MwNAc

Investment involves risks.
Terms and conditions apply. This offer is intended for persons in Hong Kong.

 #HSBC  #HSBCWealthAcademy 
                    ",475        ,507        ,20221003
3,hsbc_hk,2 days ago,"
                        【PayMe 消費券優惠攻略第二彈：美食篇 😋】
第二輪消費券又到手，準備好食好嘢未？🤤 今期我哋又準備咗一系列美食優惠，享高達港幣53元折扣同低至7折！無論係和牛燒肉🥩定係日式輕食🍣，高質中菜🍲抑或醒神咖啡☕️，通通有賞！😋

即刻碌去左邊睇晒所有優惠啦！無用 PayMe 拎消費券？唔緊要，只要用 PayMe 消費都可以享用優惠！
 
1️⃣ @yakinikulikehk ：惠顧滿港幣120元或以上，即獲港幣20元折扣優惠券
2️⃣ @starbuckshk ：惠顧滿港幣99元或以上，即減港幣30元；另外用 PayMe 於門市增值 Starbucks 會員帳號滿港幣300元，送中杯裝手調飲品兌換券一張
3️⃣ @uoshow ：惠顧任何金額，即獲港幣 3 元折扣優惠券
4️⃣ @maximschinese ：享低至 7 折
 
無用 PayMe 拎消費券？唔緊要，只要用 PayMe 消費都可以享用優惠！🤩

立即下載PayMe慳多啲！
iOS: https://grp.hsbc/6187y9Or9
Android: : https://grp.hsbc/6188y9Ori

即去 PayMe App「探索」主頁了解更多詳情。
 #滙豐  #消費券  #PayMe消費券

優惠須受條款及細則約束。此優惠適用於身處香港人士。
儲值支付工具牌照編號：SVFB002

【PayMe’s voucher guide round 2: Tasty food deals 😋】
Sate your cravings with the second round of your consumption voucher! 🤤 From the finest grilled wagyu 🥩 and light Japanese meal 🍣, to sumptuous Chinese cuisine 🍲 and morning coffee ☕️ – check out our list of delicious food deals worth up to HKD 53 and 30% off! 😋

Swipe left to see a delicious selection of our food deals. Decided not to receive your voucher with PayMe? Don’t worry, these offers are for all PayMe users!
 
1️⃣ @yakinikulikehk : Get an HKD 20 discount voucher when you spend HKD 120 or more
2️⃣ @starbuckshk : HKD 30 off when you spend HKD 99 or more; or get a free tall drink when you reload your Starbucks membership account with HKD 300 and pay with PayMe in store
3️⃣ @uoshow : Get an HKD 3 discount voucher when you make a purchase of any amount
4️⃣ @maximschinese : Get up to 30% off

Decided not to receive your consumption voucher with PayMe? Don’t worry, these offers are for all PayMe users! 🤩

Download PayMe now and save more!
iOS: https://grp.hsbc/6187y9Or9
Android: : https://grp.hsbc/6188y9Ori

Check out the Discover tab in PayMe for full details of each offer.

 #HSBC  #HSBCHK  #PayMeHK  #2022PhaseIIConsumptionVoucherScheme  #RewardsforAll

This offer is intended for persons in Hong Kong. Terms and conditions apply.
SVF license no: SVFB002 
                    ",72        ,0        ,20221003
4,hsbc_hk,3 days ago,"
                        【滙豐 Mobile Banking X 數碼科技 X 音樂🎵】
邊個話Banking 同音樂拉唔上關係？

既然音樂應該係無界限，滙豐除咗將科技放喺Mobile Banking, 更將佢融入音樂, 呈現喺大家眼前 👀 ! 今次仲特別聯乘兩位有個性嘅本地人氣歌手 🎤 ，到底佢哋同滙豐 Mobile Banking有咩搞作❓即刻留言你嘅答案💬，10月3日同你揭曉🤞🏻

（提提你：HSBC HK App📱用戶有著數呀，快啲Download定啦！ ）

 #HSBC  #HSBCMobileBanking  #全民Logon  #HSBCHKApp

【HSBC Mobile Banking x Digital x Music🎵】
Who says banking and music don’t mix well❓

Music has no boundaries, so why should we? This time, HSBC is expanding our technological advancement into music, offering a trail-blazing experience for music fans citywide together with two Cantopop stars 🌟. What will they and HSBC Mobile Banking bring to the table❓Leave your guesses in the comments💬, and stay with us for the big reveal on 3 October.

(Friendly reminder: Go download your HSBC HK App to get surprise soon!) 
                    ",389        ,39        ,20221003
5,hsbc_hk,3 days ago,"
                        【免佣免平台費 嬴在投資起跑線💨｜滙豐「調教少年股神」】
開Sem後又要chur group project 💣、又要chur essay💣，仲邊有時間研究點增值財富🤯？咁就要把握時機，賺盡滙豐One優惠，仲可以開展投資之旅💪🏻！

有滙豐Trade25*，告別投資A0就好easy～Trade25專為18-25歲嘅你而設，每月只需25港元，就可以$0佣$0平台費買賣港股、美股同中國A股🥳，仲可以喺Trade25學院升級股票投資知識。而家只要加入Trade25並完成一次股票交易，就可享高達450港元獎賞💰。

加埋滙豐One開戶優惠總共可享高達850港元獎賞，即刻入去了解更多：hsbc.com.hk/youthoffer

投資涉及風險。優惠須受條款及細則約束和適用於身處香港人士。
*只限18至25歲並持有投資戶口的客戶。受細則約束。$0佣適用於每月累計交易量首250,000港元

 #滙豐One  #調教少年股神  #理財要爆四  #滙豐Trade25  #後生仔優惠 

【Win at the investment starting line with $0 commission and platform fees💨 | Stock pro in the making】
Got no time to figure out how to grow your wealth with rushing through group projects and essays💣 as the semester starts🤯? Seize the chance to catch the HSBC One offers and embark on your investment journey now💪🏻!

Saying goodbye to “Wealth A0” is a piece of cake with HSBC Trade25*~ Catered to youngsters aged 18-25, you can enjoy trading in HK, US and China A stock markets with $0 commission and $0 platform fees for just HKD25 a month🥳 as well as exploring Trade25 Academy and get to know your way around stock trading. What’s more? You can also earn HKD450 cash rewards when you join Trade25 and make a stock transaction💰!

Earning up to HKD850 cash rewards at most together with the HSBC One account opening offer! 
Click here for more offers: hsbc.com.hk/youthoffer

Investment involves risks. Terms and conditions apply. The promotion is intended for persons in Hong Kong. 
*You must be aged 18 to 25 and hold an HSBC investment account. Conditions apply. $0 commission trading is applicable to the first HKD250,000 trading volume per month. 

 #HSBCOne  #StockProInTheMaking  #MasterYourFinances  #HSBCTrade25  #YouthOffers 
                    ",41        ,0        ,20221003
6,hsbc_hk,4 days ago,"
                        【未響警號🚨就諗住遲啲先？無論身體健康定財政健康都唔好再拖喇！一齊為咗財政健康，戰勝拖延症！💪🏻】
香港人出名夠晒忙，工作已經佔咗大部分時間，有得抖都可能玩咗先！檢查身體同檢視財務狀況好多時都拖得就拖，因而錯失好多黃金機會！ 🏋🏻‍ 其實財政健康同身體健康一樣重要，唔好以為財政健康只係要月月找清卡數，更重要係養成良好嘅理財習慣同精明嘅理財態度。

第一步先做個FinFit測試，睇吓自己財政健康狀況，香港人嘅平均FinFit得分係65分*！你又有幾多分？「驗身」完畢，更會得到提升理財健康嘅專業貼士，助你早日達成理財目標，過理想嘅生活！
http://grp.hsbc/Finfit-ig2aug-TestTC
 
*根據最新滙豐FinFit調查
 #身體要Fit理財要FinFit  #滙豐  #滙豐FinFit

【The alarm 🚨 hasn’t gone off and you’re thinking of delaying? Stop putting off and be physically and financially healthy 💪🏻!】
Hong Kong people are always busy with work taking up most of our time. And even when we have time, we may rather spend at entertainment than checking our physical and financial health, which could result in missing golden opportunities! 🏋🏻‍Indeed, financial health is just as important as physical health! Financially healthy is not only about paying your credit card payment in full every month, it’s also about developing good financial habits and a smart financial attitude.

Make your first step by taking the FinFit test to see how healthy your finances are. The average score of Hong Kongers is 65*, what’s yours? After the “health check”, you will also receive professional tips to improve your financial health to help you achieve your financial goals and live your ideal life sooner! 
http://grp.hsbc/Finfit-fb2aug-TestEN

*According to the latest FinFit Study
 #StayHealthyStayFinFit   #HSBC  #HSBCFinFit 
                    ",38        ,0        ,20221003
7,hsbc_hk,5 days ago,"
                         #睇片贏獎品【國泰航空／滙豐香港國際七人欖球賽有獎問答遊戲，贏取現場觀賽機會📣】
萬眾曯目嘅滙豐／國泰航空香港國際七人欖球賽終於喺11月強勢回歸！ 🎉即刻睇香港欖球代表隊係The Sandbox元宇宙嘅比賽片段，贏取門票！🙌🏻

睇完片後，用emoji形容一下你對呢場元宇宙比賽嘅興奮心情，就有機會得到兩套三日賽事門票，同你嘅BFF一齊感受比賽氣氛，為港隊打氣！🥳

🎁遊戲獎品：兩套三日賽事門票（共五份）
📌遊戲玩法：
1. Follow滙豐香港 Instagram 
2. 喺呢個Post留言，再tag兩位親朋好友
3. HSBC 會以隨機抽獎形式抽出5位朋友，每位將獲得獎品一份 (價值港幣3,900元）

遊戲日期：2022年9月28日至10月5日晚上11時59分
得獎名單公布日期：2022年10月10日於此帖文公佈，並有專人聯絡領獎方法
遊戲條款及細則：https://grp.hsbc/6001MZz5F 
 
優惠受條款及細則約束。此優惠適用於身處香港人士。

 #滙豐  #TheSandBox   #香港國際七人欖球賽  #欖球  #有獎遊戲

 #WatchandWin【Cathay Pacific/HSBC Hong Kong Sevens Tickets Giveaway: Your Chance to Cheer for the Local Team🥰】
The much-anticipated HSBC/Cathay Pacific Hong Kong Sevens will finally make a comeback this November! Here’s your chance to WIN a pair of weekend tickets for the Hong Kong Sevens. Simply play the clip below and *using only emojis* share your excitement about our latest venture into the Sandbox. 

5 winners with be randomly drawn and given the chance to attend the event in person and cheer for the Hong Kong team🥳. 

🎁Prize: Two weekend tickets to the Hong Kong Sevens (5 winners)    
📌To Enter:
1. Follow the HSBC HK Instagram
2. Share your excitement in the comment box below – using emojis only and tag 2 friends
3. HSBC will randomly draw 5 lucky winners, each will win the prize (Value: HKD 3,900)

Duration: 28 Sep – 5 Oct 2022 (11:59pm) 
Winners will be announced on 10 October 2022 under this post, and will be contacted shortly for prize redemption.
T&C: https://grp.hsbc/6008MZzgj 
Terms and conditions apply. This offer is intended for persons in Hong Kong.

 #HSBC  #Giveaway  #HongKongSevens  #TheSandbox  #Rugby 
                    ",388        ,408        ,20221003
8,hsbc_hk,6 days ago,"
                        【9月30日限定！於惠康及特色超市 鬥快買鬥快賺港幣100元優惠券 🛒🤑】
召集各位慳家 Meow 粉！準備9月30號去惠康、Market Place、Market Place by Jasons、3hreesixty 、 Oliver's The Delicatessen 同 Jasons ichiba 門市掃貨，用 PayMe 畀錢賺盡激賞大放「餸」優惠！📣

9月30號朝早8點正開始，首5,000名用 PayMe 惠顧任何金額嘅用戶，即賺港幣100元折扣優惠券；下次惠顧滿港幣100元或以上即自動扣減。
記得 mark 實日子，校定鬧鐘去掃貨賺優惠券啦！🤩

即去 PayMe 網站「最新動態」了解更多優惠詳情。

 #滙豐  #超市都收PayMe㗎  #PayMe獎賞
 
•  每位客戶最多可獲取一張優惠券。
•  優惠券於2022年10月28日23:59到期。
•  先到先得，送完即止。

此優惠適用於身處香港人士。須受條款及細則約束。
儲值支付工具牌照編號：SVFB002

【30 September one day only! Act fast and earn HKD 100 voucher at Wellcome and more specialty supermarkets! 🛒🤑】
Calling all smart PayMe shoppers! Get ready to shop on 30 September and pay with PayMe at Wellcome, Market Place, Market Place by Jasons, 3hreesixty, Oliver's The Delicatessen and Jasons ichiba stores for a super deal! 📣 

The first 5,000 customers can get an HKD 100 discount voucher when you make any purchase from 8am on 30 September with PayMe. The voucher will be automatically applied on your next purchase of HKD 100 or more. 
So set your alarm and get ready to snap up a great deal! 🤩

Check out the 'What's new' page on the PayMe website for full details. 
 
 #HSBC  #HSBCHK  #PayMeHK  #PayMeAtSupermarkets  #PayMeRewards 

•  Each customer is entitled to one voucher only.
•  Discount vouchers expire 28 October 2022 at 23:59.
•  First-come first-served, while stock lasts.

This offer is intended for persons in Hong Kong. Terms and conditions apply.
SVF license no: SVFB002 
                    ",263        ,1        ,20221003
9,hsbc_hk,1 week ago,"
                        剩餘嘅食材要點樣處理？今個月，滙豐呈獻 @oneplanetplateglobal  將重點推廣唔浪費食物嘅重要性。滙豐銀行慈善基金支持惜食堂嘅食物回收及食物援助計劃，透過回收嘅食物製作膳食，並回饋我哋嘅社區。如果你想知多啲，可以到 @foodangel_hk_official  

What do you do with leftover ingredients? This month @oneplanetplateglobal  presented by HSBC is focused on educating the importance of wasting no food. The Hongkong Bank Foundation supports @foodangel_hk_official , a food rescue and food assistance programme that makes use of rescued food ingredients for producing meals to serve the Hong Kong community. 
                    ",78        ,1        ,20221003
10,hsbc_hk,1 week ago,"
                        【🦁 #滙豐理財世一大考 有獎問答遊戲 第二彈】
香港2022年五月通脹率係幾多？
A) 0 %
B) 1.2%
C) 100%
D) 1000%

有獎遊戲玩法：
1. 讚好並成為滙豐香港Instagram專頁粉絲
2. 留言問題嘅正確答案，再tag三位親朋好友及分享如何抗通脹
3. HSBC會以隨機抽獎形式抽出5位朋友，每位將獲得 Oculus Quest 2 虛擬實境器 128GB 一份，價值港幣3,388元

小編示範先！🤩
答案係 Z，我係滙豐投資嚟抗通脹！＠小滙 ＠小豐 ＠小獅子 你哋呢？🫵🏻

遊戲日期：2022年9月25日至9月29日晚上11時59分
得獎名單公佈日期：2022年10月2日於此帖文公佈，並有專人聯絡領獎方法
遊戲條款及細則：https://grp.hsbc/6179MprWl

投資涉及風險。
優惠受條款及細則約束。此優惠適用於身處香港人士。

 #滙豐  #滙豐理財世一學堂

【🦁  #HSBCWealthAcademyExam Giveaway No.2】
What is Hong Kong’s inflation rate for May, 2022?
A) 0 %
B) 1.2%
C) 100%
D) 1000%

How to play:
1. Follow the HSBC Instagram page
2. Leave in the Comment section the correct answer to the question, and tag three friends and share your best way to fight inflation
3. HSBC will randomly draw 5 lucky winners, who will each receive one Oculus Quest 2 VR 128GB (worth HKD3,388)

Siu Pin will go first! 🤩
The correct answer is Z! I fight inflation by investing at HSBC! @ FriendA @ FriendB @ FriendC How about you?🫵🏻

Promotion period: 25 Sept - 29 Sept 2022 11:59pm
Winner announcement date: On 2 Oct 2022 on this post; we will also get in touch with the winners individually for prize collection arrangements
T&C: https://grp.hsbc/6170MprWm

Investment involves risks.
Terms and conditions apply. This offer is intended for persons in Hong Kong.

 #HSBC  #HSBCWealthAcademy 
                    ",750        ,1055        ,20221003
11,hsbc_hk,1 week ago,"
                        【生命滿希望，錢路由我創！】
 阿媽教落，份糧要分三部分，衣食一份，住行一份，儲錢一份！但係今時今日呢個年代，真係冇乜可能！🥹
 
現今財務策劃*應該分為五大部分，正當你話：『嘩，邊有咁多錢呀！』嘅時候，其實有啲嘢你已經唔經唔覺做緊㗎喇！

一個正常打工仔會將人工用嚟 1️⃣ 滿足當前需要，然後如果手頭鬆就會預留少少（真係好少）去未來 2️⃣ 投資^或 3️⃣ 儲蓄。但係其實仲有 4️⃣自己同家庭保障同 5️⃣退休生活要plan㗎！
 
當你仲煩惱緊4️⃣ 同 5️⃣ 時，可以睇睇你間公司係咪已經為有醫療／人壽保險。同埋喺香港打工，公司一定要幫你供MPF㗎！雖然夠唔夠用係一件事，但係其實已經做緊，自己可以睇需要額外add-on供款。
 
咁樣聽完之後，係咪覺得財務策劃唔係真係咁離地呢？少有少plan，多有多plan，豐儉由人。所以生命滿希望，錢路由我創係真㗎！
 
想知多啲，可以睇  #投委會 網站：https://grp.hsbc/6006Mryn2

香港上海滙豐銀行有限公司並不對任何外界網站的內容負責。如閣下查看任何第三方網站或使用該網站的任何訊息或功能，即已同意下列條款：
https://grp.hsbc/6003MryXT
 
^投資涉及風險
 
 #滙豐  #滙豐理財世一學堂

【Life is full of hope, let's start planning your financial path!】
The last generation has shared their financial wisdom that we should always split our income in three ways, 1) everyday expenses, 2) housing, 3) saving. That's great for their generation, but for now, it doesn't apply anymore!

Nowadays, we should split our financial planning* pie into five pieces. Hear me out before you say ""I don't have this kind of money!"" 

We usually split our income into 1️⃣ fulfill everyday expenses, 2️⃣ investment^ or 3️⃣ savings. There is also 4️⃣ protection for yourself and your family and  5️⃣ retirement plans that you have to think ahead!

You might be surprised that you have already allocated money for  4️⃣ and  5️⃣ without knowing! Many companies have medical or life insurance coverage, and if you work in Hong Kong, your company is liable to pay its share of MPF contributions. 

Whether or not this is enough for the future, you're already halfway there in your planning and can adjust accordingly with additional add-on payments.

After seeing it map out this way, do you feel you're one step closer to financial planning? Life is full of hope. Let's start planning your financial path!

For more, please visit the  #IFEC 's website:
https://grp.hsbc/6005Mr1qN

HSBC is not responsible for any content on any third-party site. By viewing any third-party site or using any information or functions of that site, you are deemed to acknowledge that you agree to our Terms and Conditions: https://grp.hsbc/6000Mr1Sj

^Investment involves risks

 #HSBC  #HSBCWealthAcademy 
                    ",46        ,2        ,20221003
0,citihongkong,11 hours ago,"
                        【消費券入手，想用得更抵有咩計？🤩】

新一期電子消費券入手喇！無論您想用嚟食番餐好🍽️😋 ﹑換季買新衫👚👖 ﹑買新電話📱定係upgrade傢電🛋️💻，都要使得精明！想知道用消費券有咩要注意？點樣可以一路消費一路賺💳？即刻click入嚟  citibank.hk/cvs4  參考吓啦！

借定唔借？還得到先好借！ 
                    ",10        ,0        ,20221003
1,citihongkong,3 days ago,"
                        多謝大家咁踴躍一齊參與較早前嘅【Citi Hong Kong中秋「賞月🌝有賞」有獎遊戲 🌕數金幣贏至潮耳機🎧】，恭喜以下4位得獎者，每位可獲得至潮耳機一份。快啲睇下您或者您朋友有無份啦，記住Tag返佢話佢知呀。得獎者記住喺2022年10月14日前inbox我哋確認得獎者資格，我哋會稍後通知得獎者有關領獎安排。再一次多謝咁多位參加者嘅分享同支持，希望大家繼續留意住我哋Facebook，會有更多精彩嘅禮遇預備送畀您！ 

【Citi Hong Kong中秋「賞月🌝有賞」有獎遊戲 🌕數金幣贏至潮耳機🎧】得獎名單 – 
推廣活動日期由2022年9月6日至9月12日

1.  puipui0430
2.  kenz_koo
3.  yanyanyanyan123
4.  hannahliu1225

條款及細則：citibank.hk/citihkgame4a 
                    ",16        ,0        ,20221003
2,citihongkong,5 days ago,"
                        多謝大家咁踴躍一齊參與較早前嘅【Citi Plus®客戶限定：至Smart理財攻略有獎遊戲💰贏走HK$500購物禮券】，恭喜以下5位得獎者，每位可獲得 HK$500崇光購物禮券一份。快啲睇下您或者您朋友有無份中獎啦，記住Tag 返佢話佢知呀。得獎者記得喺2022年9月28日至10月7日 inbox我哋確認得獎者資格，我哋會稍後通知得獎者有關領獎安排。再一次多謝咁多位參加者嘅支持，希望大家繼續留意住我哋 Instagram，會有更多精彩嘅禮遇預備送畀您！
 
【Citi Plus®客戶限定：至Smart理財攻略有獎遊戲💰贏走HK$500購物禮券】得獎名單 - 推廣活動日期由 2022年8月26日至9月16日

1.  nyanyanenet
2.  simonhkc
3.  rosannauis
4.  zaclement
5.  siszeeee

條款細則: citibank.hk/hysa4b 
                    ",13        ,1        ,20221003
3,citihongkong,6 days ago,"
                        【「0+3」報復式旅行倒數喇！🗺️】

想返「鄉下」好耐？Plan旅行最緊要嘅三件事🤩：
✔️訂機票✈️！
✔️訂酒店🛏️！
✔️仲有要喺Citi Mobile® App啟動Citibank Global Wallet！

做齊晒您就可以帶埋行李喼🧳同張Debit Card💳 行得㗎啦！

受條款及細則約束。 
                    ",20        ,0        ,20221003
4,citihongkong,1 week ago,"
                        【日本「開關」 加上香港「0+3」新措施🎉！要入定啲Yen準備「返鄉下」喇 ✈️！】

日本將會喺10月11日恢復免簽證自由行🇯🇵🧳，再加上香港嘅新入境檢疫「0+3」安排，唱定「彈藥」為「回鄉」做足準備🍣🛍️ ！不過您可能會好奇：日圓匯價會唔會再跌？跌嘅背後又喺咩原因呢？究竟幾時先係唱YEN嘅黃金時機🤔？睇啱心水匯價想快人一步入手外幣💶💷 但又唔想落銀行或者找換店，又可以點做？即刻上 citibank.hk/yen4 了解多啲啦！

外幣買賣及投資涉及風險。 
                    ",15        ,0        ,20221003
5,citihongkong,2 weeks ago,"
                        【「資」己知彼-基金篇：後生嘅您想以投資實現目標？ 🎯 即睇Citi 年輕投資者大數據系列】

香港咩都貴洗費又高💸，政府數據顯示，香港 25歲以下嘅後生仔每月平均收入大概係HK$14,000^，應該夠應付日常開支，但未必有閒錢入手心頭好慰勞自己😣 要實現自己嘅夢想，就要參考吓Citi年輕投資者嘅投資數據啦❗️

您以為後生就一定係少資本兼少投資？據統計，Citi有近半嘅年輕投資者都會選擇多元化投資，而佢哋喺2022年上半年平均投資總額，就已經可以食超過6️⃣千個兩餸飯 🍱同睇超過300年串流影音平台 🖥！
想知Citi嘅年輕投資者有咩投資攻略？ 咁要即刻 click 入嚟 citibank.hk/prmu4a 了解多啲啦！記得開埋Citi Plus®戶口，開始您嘅投資第一步，再用Citi Plus投資playlist ，一個 app 有齊股票、基金、外幣等唔同投資選擇，買賣前後唔使將啲錢轉嚟轉去，幫您輕鬆跑贏時間！而家開Citi Plus 戶口，仲有好多優惠獎賞，立即撳埋 citibank.hk/citiplus4j 申請，同我哋一齊Chill 住賺更+多🕶✨！

優惠受條款及細則約束。
投資涉及風險。

資料來源：
以上數據來自Citi於2022年1月至6月Citi Priority, Citibanking同 Citi Plus客戶嘅投資總額 
Citi 年輕投資者定義為18-25歲嘅客戶。

^政府統計處第二季「綜合住戶統計調查按季統計報告」之15-24歲每月就業收入中位數

 #CitiPlus  #CitiHongKong 
                    ",15        ,0        ,20221003
6,citihongkong,2 weeks ago,"
                        【Citi Plus®客戶專享🎁KKday網上消費12%回贈💰 隨時day day變holiday😎齊齊玩住賺更+多！】

中秋放得一日假，梗係唔夠喉！Citi 幫您自製假期，繼續enjoy！由即日起至9月30日，只要用Citi Plus Mastercard扣賬卡或信用卡，到KKday手機應用程式或網頁訂購任何產品，無論買主題樂園門票、食好嘢，或者去酒店staycation做spa定glamping⋯⋯統統都有12%回贈，真正畀您玩住賺更+多！即刻為自己編排一個最relaxing嘅假期，隨時邊玩邊賺！

仲未有Citi Plus戶口同信用卡？快啲撳呢條link一次過申請，享總值超過HK$10,000迎新獎賞啦： citibank.hk/citiplus4i

優惠受條款及細則約束。
借定唔借？還得到先好借 

 #CitiPlus  #CitiHongKong 
                    ",28        ,0        ,20221003
7,citihongkong,3 weeks ago,"
                        【咪畀戶口變傀儡 誤墮洗黑錢陷阱】

打開社交媒體平台，有陌生人聲稱只要您用佢哋畀嘅文件喺銀行開個戶口；又或者喺二手買賣平台，有網店店主要求您借個儲值支付工具畀佢哋做網購收錢，就可以輕鬆賺過萬蚊報酬？

呢啲其實都係騙徒利誘想搵快錢嘅市民，幫佢哋開傀儡銀口戶口，再存入騙案得返嚟嘅黑錢，又或者直接經儲值支付工具收取黑錢，再經其他傀儡戶口將啲黑錢轉嚟轉去，進行洗黑錢活動。

為免誤墮洗黑錢陷阱，切勿外借、出售銀行戶口或者儲值支付工具戶口，以協助他人處理來歷不明嘅資金。干犯清洗黑錢罪行最高可被判罰款港幣500萬及入獄14年，切勿以身試法！

如有任何懷疑，立即聯絡所屬銀行同埋警方查詢。了解多啲防騙貼士︰ citibank.com.hk/security4。

便宜莫貪 勿賣Account

[Don’t Contribute “Stooge Accounts” in Money Laundering Scams]

Strangers on social media platforms ask for opening bank account in your name with supporting documents provided, or online shop owners from secondhand trade platforms ask for borrowing your stored value facilities account to collect online trade payment, and you get in return over HK$10,000 in such effortless way?

These are actually tactics from scammers to lure people looking for quick money into opening “stooge accounts” to receive criminal proceedings or to receive directly fraudulent payments through victims’ stored value facilities. They will then launder illegal proceedings through multiple transfers among stooge accounts.

Lending or selling your bank accounts or stored value facilities to others and assisting anyone in handling funds with suspicious origin may expose yourselves to the risk of committing money laundering offences of which the maximum penalty is imprisonment for 14 years and a fine of HK$5 million.

If you suspect that you have fallen victim to a scam, please contact the related bank and police immediately. Find out more fraud prevention tips at citibank.com.hk/security4

Don't be tempted by quick money. Don't sell your account. 
                    ",11        ,0        ,20221003
8,citihongkong,3 weeks ago,"
                        【Citi Hong Kong中秋「賞月🌝有賞」有獎遊戲 🌕數金幣贏至潮耳機🎧】

就快到中秋佳節，點少得嘆住月餅🥮咁賞月🌕？

為迎接一連三日假期兼中秋賞月夜，Citi Hong Kong同大家訓練好眼力👀！即玩呢個「賞月」小遊戲，就有機會贏走至潮耳機🎧！

參加遊戲方法：
1. 追蹤 @citihongkong  專頁同讚好呢個post
2. 立即睇片，留意問題：8張卡牌中總共有幾個「圓月金幣」 ？
3. 留言位置話我哋知正確答案，再tag 2位朋友一齊玩

完成晒以上步驟，即可參加抽獎，有機會贏走至潮耳機🎧（名額共8位）！
活動日期：即日起至9月12日23：59

公佈得獎者名單：9月30日或之前
活動條款及細則請參閱：citibank.hk/citihkgame4b 
                    ",277        ,316        ,20221003
9,citihongkong,4 weeks ago,"
                        【您plan咗幾時飛未✈️？用外幣消費，賞您高達4%外幣簽賬回贈🎁】

個個都講緊3+4，您仲未plan咩？只要您計劃得好，隨時都可以邊慳邊賺😎！講緊嘅係用Citibank Global Wallet唱定外幣同海外消費！首先透過Citi Mobile® App set定外幣交易限價單鎖定心水靚價，到價自動幫您唱！再用Citibank Global Wallet海外消費隨時碌Citibank Mastercard®扣賬卡，直接喺扣外幣戶口，$0 Citi手續費，幫您慳一筆！

仲有得賺！由即日至2022年9月30日，用Citibank Global Wallet進行海外簽賬🛍️或以外幣於網上購物🛒，享高達4%現金回贈🎁！快啲撳入去Citi Mobile® App📱Get More登記！限時優惠名額有限，先到先得，詳情：citibank.hk/globalwallet4a

💡提提您：網購前記得喺Citi Mobile® App啟動「網上購物」功能😉開埋推送通知功能，畀您第一時間收到最新消息同著數！

未係Citi客戶？
💰 Citi Plus®夏日Level Up！開立Citi Plus兼出Citi Plus信用卡享七重賞，激賺超過HK$10,000獎賞，即上citibank.hk/citiplus4n 申請
💰 開立Citigold可享高達HK$38,000現金回贈，即上 citibank.hk/citiwealth4z 申請

外幣買賣及投資涉及風險，匯率可升可跌。受條款及細則約束。
設計圖片只供參考 
                    ",33        ,1        ,20221003
10,citihongkong,1 month ago,"
                        【Citi Plus®客戶限定：至Smart理財攻略有獎遊戲💰贏走HK$500購物禮券】

打機有攻略，理財一樣都有！想加快步伐賺到更多利息?咁就要睇吓點做先至夠醒夠精明啦！

而家只要您係Citi Plus®客戶，一開戶已經有0.3%儲蓄年利率，再透過Citi利息Booster完成4個日常任務👉「入錢」、 「儲錢」、「投資、唱外幣或買保險」、「碌卡買嘢」，即可解鎖利率賺更多利息🌟，玩埋以下遊戲仲有機會贏得HK$500崇光購物禮券🎁！ 

參加方法： 
1.	追蹤 @citihongkong 專頁同讚好呢個post
2.	立即睇片，留意問題「片中提到完成5個任務，加加埋埋賺到最高年利率有幾多？」
3.	留言位置話我哋知正確答案，再tag 2位朋友一齊玩
4.	推廣期內完成片中提到5個任務其中一項，利用Citi Plus戶口「入錢」、 「儲錢」、「投資、唱外幣或買保險」或「碌卡買嘢」

完成晒以上步驟，就可以參加抽獎，有機會贏走HK$500崇光購物禮券(名額共20位)！ 

活動日期：即日起至9月16日23:59
公佈得獎者名單：9月30日 
活動條款及細則請參閱： citibank.hk/hysa4b

仲未係Citi Plus客戶？立即去 citibank.hk/citiplus4c 開立戶口，喺2022年9月16日前成功開戶再完成上面嘅步驟就可以參加抽獎！

受條款及細則約束。
借定唔借？還得到先好借！
投資涉及風險。

 #CitiPlus  #CitiHongKong 
                    ",45        ,17        ,20221003
11,citihongkong,1 month ago,"
                        【呢個夏日🔸Citi Plus®投資Playlist全面Level Up🔸助您輕鬆開展投資大計！】

想增值財富，實現自己to-do-list上嘅唔同計劃？有Citi Plus投資Playlist在手，每一步都take care您嘅需要！Citi Plus有一系列獨家理財攻略，一步步guide住您解鎖投資技能。Citi Mobile App 仲可以兩分鐘開通三個股票市場 (港股/美股/滬深股)，買賣前後唔使將啲錢轉嚟轉去，幫您輕鬆跑贏時間！
 
即日起至9月30日，Citi Plus更全面Level Up投資獎賞，畀您喺投資路上輕輕鬆鬆玩住賺更+多💰 ！
⭐️開戶頭3個月買港股或美股 $0佣金
⭐️存入股票高達HK$10,000現金獎賞
⭐️網上開立港股及美股戶口享高達HK$500現金回贈

有Citi Plus投資Playlist喺投資路上每一步都幫您，咁方便又多功能，您用咗未？即刻上 citibank.hk/citiplus4h 發掘Citi Plus一系列驚喜獎賞！
 
受條款及細則約束。
投資涉及風險。

 #CitiPlus  #CitiHongKong 
                    ",23        ,4        ,20221003
0,stancharthk,3 days ago,"
                        【🎉 渣打國泰 Mastercard®專屬獎賞　送你高達 HK$800 購物禮券！🛍🎁】
成個衣櫃都要換季 🍁？去旅行要著新衫影靚相 🏞？
無論你點解想置裝 🧥🧣👖，依家都有更大理由！渣打國泰 Mastercard為你帶嚟專屬購物獎賞，即日起至 2022 年 10 月 18 日成為 CLUB CG 會員，喺東薈城名店倉憑卡簽賬消費滿 HK$2,000 送你總值 HK$200 商場購物禮券；滿 HK$6,000 送 HK$600，每人每日可獲高達HK$800購物禮券！
 🎊🎊🎊！仲唔即刻去買盡各大人氣品牌 💨💨？
🎀 了解更多優惠詳情：bit.ly/3M9xwkh

借定唔借？還得到先好借。
優惠受條款及細則約束。

 #專屬獎賞  #渣打國泰Mastercard  #渣打香港  #StandardCharteredHK 
                    ",5        ,0        ,20221003
1,stancharthk,1 week ago,"
                        【 你最期待嘅 0+3 出現了！】申請渣打國泰Mastercard®享HK$1=1里數

唔使再FF喇，期待之旅終於成真！想即刻衝出香港玩到盡、買到盡、歎到盡？立即申請渣打國泰Mastercard®全速賺里，換套機票出發啦！

全新信用卡客戶，成功申請渣打國泰Mastercard®專享：
頭HK$40,000簽賬HK$1 = 1 里數，賺高達40,000里數；
夠晒兌換日本來回機票(20,000里)兩張！
免費延長里數結餘有效期，所以申請咗先講啦！

立即申請渣打國泰Mastercard®全速賺里換機票，個trip更盡興！

優惠受條款及細則約束。
借定唔借?還得到先好借！

 #期待之旅終於起程  #玩到盡  #買到盡  #歎到盡  #全速賺里
 #渣打國泰Mastercard  #StandardCharteredCathayMastercard 
 #渣打香港  #StandardCharteredHK 
                    ",52        ,0        ,20221003
2,stancharthk,2 weeks ago,"
                        【獨家體驗 -  #國泰 x 港機導賞Staycation 精彩回顧】

渣打國泰Mastercard時刻為你帶嚟難忘嘅專屬昇華體驗。早前一班「渣打國泰Mastercard – 優先私人理財」客戶同家人獲邀參與國泰 x 港機導賞Staycation活動，了解飛機工程及維修 。
 
大小航迷享受一晚Staycation後，由港機集團  #HAECO 工程人員帶領，體驗先進工程科技、近距離觀看飛機引擎，更登上A321neo及A350-900客機，深入駕駛艙，仲帶走埋用飛機機身所造嘅獨特行李牌留念。
 
回顧當日精彩畫面之餘，渣打國泰Mastercard亦會不斷為你帶嚟各式各樣獨家活動同優惠，讓你躍升生活享受。
精彩體驗，唯渣打國泰Mastercard獨享。
 
全新信用卡客戶現申請「渣打國泰Mastercard – 優先私人理財」，首HK$40,000簽賬可享HK$1：2里數^，可兌換一套東京頭等客艙來回機票*。
立即申請：https://bit.ly/3xybAcr
 
 #CathayHAECOtour  #專屬國泰昇華體驗  #渣打國泰Mastercard  #優先私人理財  #StandardCharteredHK
 
借定唔借?還得到先好借!
優惠受條款及細則約束。優惠只適用於合資格之信用卡及綜合理財服務客戶。
 
^適用於全新優先私人理財客戶以指定信用卡在首2個月內累積指定合資格簽賬額之全新信用卡客戶。
*以2022年7月4日之飛行獎勵標準賞作參考。 
                    ",28        ,0        ,20221003
3,stancharthk,2 weeks ago,"
                        【全港第一個「可持續出糧戶口」 享高達 1.5% 額外港元活期存款年利率】
我哋目標為可持續發展出力 🌳，令你同世界雙雙獲益！
所以帶嚟 🥇 全港第一個「可持續出糧戶口」，
你每個月出糧賺到高息嘅同時，全球可持續發展項目都會獲得支持，
世界同你都一齊有回報 ！
 
依家新客戶開立「可持續出糧戶口」可享高達 1.5% 額外港元活期存款年利率及高逹HK$2,000現金回贈，仲有其他綠色銀行服務俾你揀：
 
🍀 ESG 基金投資：網上交易尊享 0% 認購費
🍀 綠色按揭：高達 HK$6,888 額外現金回贈
 
獎賞一次過賺晒，又可以貢獻世界，仲唔即刻嚟分行開戶 🏦
 
同時想賺埋定期優惠？喺2022年10月31日前開戶，所有出糧戶口客戶可享12個月港元新資金定存 3% 年利率優惠。名額有限，先到先得，額滿即止。
 
優惠受條款及細則約束。
投資涉及風險。

 #可持續出糧戶口  #可持續發展  #綠色銀行服務  #ESG投資  #綠色按揭  #渣打香港  #StandardCharteredHK 
                    ",14        ,1        ,20221003
4,stancharthk,3 weeks ago,"
                        【 當 Apple 遇上 Smart 卡… 】
當 Apple 遇上牛頓，發現咗「地心吸力」；
當 Apple 遇上 Smart 卡，你會發現...

你已經超越牛頓！而家唔使用力，都可以吸到超 PRO 出機優惠：
經此立即申請 Smart 卡，簽賬^滿 $4,000 就賺 $1,400 迎新禮遇 (35% 現金回贈)！

Spend Smart 仲要識 Pay Later，再經 SC Mobile 簡單一撳，做 3 個月免息免手續費分期*！

咁大發現，即刻去申請啦：https://bit.ly/3DbPXCb 

 #當Apple遇上Smart卡  #超PRO優惠   #超越地心吸力  #出機大發現  #重量級回贈  #免息分期  #迎新優惠  #StandardCharteredHK

受條款及細則約束。
借定唔借？還得到先好借！

^須為零售購物簽賬（包括本地及海外）、網上消費或已誌賬之分期付款金額。
*每港幣180元將於「360°全面賞」網上換領平台扣除港幣1元現金回贈。例子：如簽賬分期金額為HK$9,000，銀行將扣除HK$50現金回贈。 
                    ",40        ,1        ,20221003
5,stancharthk,3 weeks ago,"
                        【London is calling！我哋用外匯交易獎賞同您say hello! 】
歎下午茶tea set打卡，定睇波睇歌劇，都係去英國先最正宗！
而家無論兌英鎊或其他外幣都有優惠，準備定隨時去同Big Ben say hello啦！

我哋期間限定推出「外匯迎新賞」，畀合資格渣打優先私人理財或「優先理財」客戶^*尊享：

推廣期：即日起至2022年10月31日
單一外匯交易GBP10以上或其等值之外幣，即送GBP10現金獎賞^；

推廣期：2022年7月1日至12月31日
累積外匯交易達HKD10,000，再送HKD100現金獎賞*；
累積外匯交易達HKD10,000,000，可享HKD3,888 + JPY25,000額外現金獎賞*；
累積外匯交易達HKD50,000,000，可享HKD18,888 + JPY100,000額外現金獎賞*

趁呢個機會，登入渣打手機程式SC Mobile或網上理財24/7外匯交易平台，兌換外幣啦！

^客戶需於2022年3月1日至8月31日期間沒有完成任何合資格外匯交易。
*客戶需於2022年1月1日至6月30日期間沒有完成任何合資格外匯交易。
優惠受條款及細則約束。外匯買賣涉及風險。
-----------------------------------------------------------------------------
順便申請埋渣打多貨幣萬事達卡扣賬卡，優先私人理財或「優先理財」客戶用外幣消費同海外提款，無需手續費。一卡在手，隨時出發！
https://bit.ly/3Q5qY6k

 #渣打  #外匯  #期間限定外匯迎新賞  #StandardCharteredHK 
                    ",17        ,0        ,20221003
6,stancharthk,1 month ago,"
                        【8號風球打到嚟啦】
打風今晚焗住留喺屋企？一於趁呢個時間報復式煲返一直好想睇嘅電影電視劇啦！
記得用埋渣打Smart 卡 subscribe Netflix, Disney+ 及一系列串流平台，一路睇一路賺 5% 現金回贈！未有卡？唔係呱？
 
細細聲講你知…其實依家經指定連結申請有限時迎新簽HK$1就送你6個月免費pandapro會籍加HK$100 coupon，仲自動參加抽獎贏免簽賬HK$1,000訂單一次呀！個優惠做到9月14咋！
見打風無咩做就申請埋啦： bit.ly/3KjmYhj

受條款及細則約束。
借定唔借？還得到先好借！
 
 #馬鞍  #打風梗係要睇戲煲劇  #打風仲要申請信用卡  #Smart卡  #用Smart卡訂購咁多個串流平台都有回贈  #1蚊換1千  #6個月pandapro會籍  #簽1蚊又得  #簽1毫都得呀  #StandardCharteredHK 
                    ",35        ,0        ,20221003
7,stancharthk,1 month ago,"
                        【想打工打得PREMIUM過人？有渣打「Premium理財」就有Say！】
平時返工日做夜做，嗰頭先完成咗客戶嘅要求，另一邊老闆又再幫你安排工作？永遠被夾係中間嘅打工仔，唔通就只可以講「是但啦，反正我都無Say … 」？

而家有渣打就有Say！只要成功申請渣打「Premium理財」即可享受一系列Premium過人嘅銀行服務及優惠：

．新客戶開立「Premium理財」再開埋出糧戶口，可享HK$1,300現金回贈，9月底前申請，仲額外送你$100咖啡券醒醒神！
．全新出糧客戶持有渣打國泰Mastercard®作指定簽賬可獲HK$3 = 1里數^
．有專業保險策劃經理為你度身訂造至啱你的保險方案
．渣打嘅强積金顧問配合同全港 No.1 MPF partner宏利*幫您輕鬆整合MPF戶口
．仲有專屬你嘅Premium理財專業團隊為你24/7解答各樣理財問題

邊個話打工仔唔可以有Say？想Premium過人就立即落渣打分行開戶，或上網了解更多。

 #打工仔  #係啊講緊你啊  #打工都打得PREMIUM過人  #PremiumBanking  #StandardCharteredHK

借定唔借？還得到先好借。
優惠受條款及細則約束。

^適用於食肆、網上或海外簽賬類別之合資格簽賬，簽賬限額一年HK$20,000 (即每月HK$1,667)
*資料來源：美世（香港）有限公司。截至2022年5月31日的「Mercer MPF Market Shares Report」，當中強積金市場佔有率，乃按計劃保薦人的強積金管理資產值計算。 
                    ",43        ,1        ,20221003
8,stancharthk,1 month ago,"
                        【渣打客戶尊屬】Banking全速賺里數 兼享國泰昇華旅遊禮遇
從富士山頂遠眺絕美晨曦、在大笨鐘傾聽睽違多時的鐘聲... 種種動人時刻，可有令你想念旅行的感覺？
 
全新客戶現凡以HK$100萬新資金開立「優先理財」，同時申請「渣打國泰Mastercard® – 優先理財」並簽賬滿HK$40,000，尊享100,000里數迎新獎賞^，可兌換兩套東京商務艙來回機票*。
 
旅途中更可享受優越國泰旅遊禮遇：
．每年4張環球國泰航空商務貴賓室使用券
．優先辦理登機手續及登機服務
 
以新資金開立12個月「亞洲萬里通」定期存款，里數賺得更快：
．存入HK$20萬尊享52,000里數 ，可兌換多一套東京商務艙來回機票*
．想飛得更遠？存入HK$100萬更尊享260,000里數，可兌換兩套商務艙機票來回歐洲*
 
全速賺盡里數，更快  #BeReady，令旅遊及理財體驗同步飛越期待！
 
 #日本回鄉之旅  #歐遊攻略  #商務艙來回機票  #專屬國泰昇華體驗  #期待之旅優先起程  #渣打國泰Mastercard  #優先理財  #StandardCharteredHK
 
借定唔借？還得到先好借。
優惠受條款及細則約束。優惠只適用於合資格之信用卡及綜合理財服務客戶。
 
^適用於全新客戶開立「優先理財」及全新信用卡客戶以指定信用卡首2個月內累積指定合資格簽賬額。
*以2022年7月4日之飛行獎勵標準賞作參考。 
                    ",18        ,0        ,20221003
9,stancharthk,1 month ago,"
                        【3+4=去旅行嘅最好時機！】 渣打「亞洲萬里通」定期存款  全速直飛歐洲、東京
依家喺外國返黎要酒店嘅隔離日數少咗，係時候出發去旅行啦！
想把握時機投入久違嘅旅途，就要開立渣打「亞洲萬里通」定期存款一次過賺最多嘅miles，轉個頭換埋商務艙機票即刻出發！

依家開立12個月渣打「亞洲萬里通」定期存款戶口，嚟緊想短途定遠行，完全由你話事：
．存入HK$100萬新資金可獲260,000里數，夠你換兩套商務艙機票來回歐洲*
．存入HK$20萬新資金可獲52,000里數，夠你換一套東京商務艙來回機票*

即刻嚟渣打分行開戶，為一直期待嘅旅程做好準備！

優惠受條款及細則約束。
*以2022年7月4日之飛行獎勵標準獎賞作參考。

 #商務艙來回機票  #東京  #歐洲  #渣打亞洲萬里通定期存款  #里數獎賞  #渣打香港  #StandardCharteredHK 
                    ",16        ,1        ,20221003
10,stancharthk,1 month ago,"
                        【渣打Fund Select團隊 為你精選優質基金】
近期市況一直波動，加上市場有咁多基金選擇，投資時應該點揀好？我哋嘅 Fund Select 專屬研究團隊，就將專業 expertise 注入基金投資 insights，即使市況未明朗，都幫你挑選優質嘅基金。
 
【首先 ⋯ 乜嘢係 Fund Select？】
渣打 Fund Select 專屬團隊每個月都會做獨立分析，每隻 fund 都經過量性同質性審查（詳情下一段再講 👇🏻）；
團隊仲會同基金經理定期 catch up，全方位評估基金嘅合適度同表現，最後先篩選出大約 80 隻唔同資產類別嘅精選基金，幫你achieve心目中嘅投資目標！
 
【揭開專業嘅篩選過程！】
想成為 Fund Select 精選基金一啲都唔易，首先要經過極其嚴格嘅量性同質性審查！
🔎 量性審查：按基金總值、過往表現等等做 check up，過到關先可以做質性審查；
🔎 質性審查：篩選過程最重要一環，主要 focus 喺以下嘅基金3P範疇 -
- 🅿️EOPLE 團隊人才：分析管理團隊嘅經驗、資源、穩定性等等，搵出更優勝嘅團隊
- 🅿️ROCESS 投資程序：監察基金經理嘅投資程序，了解佢哋嘅投資技巧同取向，以至點樣管理風險
- 🅿️ERFORMANCE 表現：研究基金回報嘅背後原因，得出維持穩定表現嘅條件
 
想搵啱你嘅優質基金？
即刻登入 SC Mobile 開立基金投資戶口，參考 Fund Select 精選基金 list，再用埋網上基金投資平台買賣，依家全新基金客戶仲尊享 0% 網上認購費優惠 🎉！即上 sc.com/hk/ut 了解更多詳情！
 
投資涉及風險。優惠受條款及細則約束。
 #WealthInsightsMadeToMatter  #渣打wealth  #FundSelect基金  #StandardCharteredHK 
                    ",27        ,0        ,20221003
11,stancharthk,1 month ago,"
                        【3+4等於咩?】有渣打國泰Mastercard® 時刻準備全速起飛！
 「等於拉近咗同峇里陽光與海灘嘅距離? 定係同東京富士山再次見面嘅時間?」
 
無論你一直嚮往邊個目的地，3+4都代表你要盡快申請渣打國泰Mastercard！
以全速賺盡里數，隨時  #BeReady 投入期待之旅！
 
全新信用卡客戶成功申請渣打國泰Mastercard可享：
1. 簽賬滿HK$40,000可獲HK$1 = 1 里數^，再憑40,000里數可兌換曼谷／首爾雙人來回機票*
2. 免費延長里數結餘有效期
立即申請渣打國泰Mastercard，為期待之旅做好準備！
 
 #渣打國泰Mastercard  #StandardCharteredCathayMastercard  #渣打香港  #StandardCharteredHK  #來回機票  #峇里  #東京  #曼谷  #首爾  #全速賺盡里數  #期待之旅優先起程
 
借定唔借？還得到先好借。
優惠受條款及細則約束。
 
^適用於指定信用卡首2個月內累積指定合資格簽賬額之全新信用卡客戶。
*以2022年7月1日之飛行獎勵標準賞作參考。 
                    ",54        ,0        ,20221003
0,beahk,1 month ago,"
                        BEA GOAL 🌟全數碼All-in-one account幫你喺儲錢、投資同數碼消費方面Gear Up，仲有豐富獎賞💵預埋你！

🎁開戶獎賞：新客喺BEA Flash開戶，迎新獎賞HK$300
💰存款Gear Up：第1次喺BEA App開港幣定存年利率8.8%🤩
🎯投資Gear Up：再喺BEA App用Fund Portfolio Builder買第1單基金 0%認購費
💳數碼消費Gear Up：申請埋BEA GOAL信用卡，迎新高達HK$600，簽卡回贈高達18.4%

想同家朗、小倫一樣創富力Gear Up？事不宜遲，立即開戶！

優惠詳情： https://bit.ly/3KIb4Of 

 #東亞銀行  #BEA  #BEAGOAL  #張家朗  #張小倫  #基金  #投資  #定期存款  #信用卡  #迎新獎賞  #創富力GearUp 
優惠受條款及細則約束，詳情請參閱有關資料。
投資涉及風險。借定唔借？還得到先好借！ 
                    ",57        ,0        ,20221003
1,beahk,4 weeks ago,"
                        投資同劍擊一樣，唔係齋靠Gut Feeling💭，最緊要有啱嘅人guide住你，就好似家朗 @cheungkalonggggg  有可靠嘅團隊同佢訓練同定好比賽策略🎯，先可以每次都一擊即中💰！

而全新嘅✨基金組合工具Fund Portfolio Builder ✨ ，就係你嘅隨身智能基金助理，會根據你嘅投資目標🌟、投資年期同可承受風險嘅程度📊，智能精選個人化基金名單，搵出你嘅心水基金組合！🙆🙆🙆 

你仲可以一次過買入多達5款基金，而每款基金嘅入場費只需HK$1,000咋！而家至2022年9月30日，經 BEA App Fund Portfolio Builder成功認購首宗基金交易，仲有0%認購費優惠*🌟！

優惠詳情：https://bit.ly/3qc3wdd

*交易金額上限為HK$100,000

 #東亞銀行  #BEA  #創富力  #張家朗  #基金  #投資  #創富力GearUp  #無需認購費  #BEAApp

投資涉及風險。投資者在作出任何投資決定前，應參閱所有有關基金之銷售文件包括基金產品說明書，以取得包括風險因素在內的詳細資料。本資料並未經香港證券及期貨事務監察委員會審閱。須受條款及細則約束。 
                    ",52        ,1        ,20221003
2,beahk,1 month ago,"
                        【BEA GOAL 點影好遮⛱？】有獎遊戲     

今個夏天，不如去石澳泳灘玩吓水打吓卡，睇吓點影好「遮」！✨

要影好「遮」，不如影BEA GOAL太陽遮，再參加埋有獎遊戲📸，有機會拎走豐富獎品🎁！ 

參加方法：
1.Follow BEA IG賬戶 @beahk 同Like呢個Post
2.用最有創意嘅拍攝手法(例如：錯視/特效濾鏡)，去石澳泳灘影低BEA GOAL太陽遮嘅相或Video
3.再喺你嘅 IG Story 分享作品，Tag @beahk  同  #beagoal點影好遮  
4.記得Screencap埋已分享嘅IG Story再Inbox我哋

最有創意嘅 10位參加者，將可贏得 HK$800 Apple Gift Card！

遊戲幾時截止？2022年10月2日晚上11時59分
得獎公佈日期？2022年10月28日喺「BEA東亞銀行」IG公佈
遊戲條款及細則？ https://bit.ly/3qKitDm

 #BEA  #東亞銀行  #BEAGOAL  #beagoal點影好遮  #石澳泳灘  #有獎遊戲 
                    ",127        ,2        ,20221003
3,beahk,2 months ago,"
                        【BEA GOAL 成為創富真．世一 🎁 有獎遊戲】得獎名單公佈
 
即刻去story highlight睇得獎名單! 傳送門👉 https://bit.ly/3S2CvFI

多謝大家嘅踴躍參與👏 同時恭喜晒所有得獎者贏得 DON DON DONKI HK$500 購物禮券 (名額10位) 或 HK$100 購物禮券 (名額40位) 🎉

我哋會透過 Direct Message通知各得獎者，各得獎者請於2022年8月8日或之前根據領獎通知指示以電郵提供個人資料以作聯絡及安排送出獎品之用，逾期回覆將視作放棄獎品論。如得獎者於2022年8月1日仍未收到得獎通知，請透過 IG Direct Message聯絡我們。

 #東亞銀行  #BEA  #BEAGoal  #創富力GearUp  #迎新有獎遊戲 
                    ",52        ,1        ,20221003
4,beahk,2 months ago,"
                        【最後一擊！BEA GOAL創富流動車出巡送禮！】
 
📢今個星期五六日，只要大家喺觀塘、銅鑼灣同旺角出巡嘅BEA GOAL創富流動車🚚即場預先登記，就可以拎到以下獎賞：
 
1. 高達HK$500 早鳥迎新獎賞💵
2. 自動參加大抽獎贏取HK$10,000✨
3. 限量版精美禮品
4. 冰涼凍飲
 
BEA GOAL創富流動車出現日子同地點(11am-7pm) :
7月29日(五) ：觀塘駿業里
7月30日(六) ：銅鑼灣百德新街
7月31日(日) ：旺角西洋菜南街
 
記得Follow埋BEA IG @beahk ，了解最新優惠！
 
 #東亞銀行  #BEA  #BEAGOAL  #創富力GearUp  #張家朗  #張小倫  #創富真世一  #迎新獎賞
 
優惠受條款及細則約束，詳情請參閱有關宣傳資料。 
                    ",30        ,0        ,20221003
5,beahk,2 months ago,"
                        恭喜張家朗🎉，喺世界劍擊錦標賽🤺男子花劍項目，勇奪銅牌🥉！亦創出個人以至港隊喺呢個項目嘅最佳成績👏🏻！
 
東亞銀行繼續全力支持香港劍擊運動💪🏻，期待香港劍擊隊喺團體賽事繼續全力以赴，再創佳績🎊！
 
 #張家朗  #世錦賽  #花劍  #香港隊加油 
                    ",40        ,1        ,20221003
6,beahk,2 months ago,"
                        【BEA GOAL創富流動車出巡第✌擊！】
 📢喂喂喂！預先登記醒你獨家優惠🎉！
 BEA GOAL創富流動車今個星期繼續全港四圍走，行過路過都唔可以錯過，只要即場登記就可以拎到以下獎賞：
 
1. 高達HK$500 早鳥迎新獎賞💵
2. 自動參加大抽獎贏取HK$10,000✨
3. 限量版精美禮品
4. 冰涼凍飲
 
BEA GOAL創富流動車出現日子同地點(11am-7pm):
7月22日(五) ：荃灣千色匯對出
7月23日(六) ：尖沙咀海防道
7月24日(日) ：銅鑼灣駱克道
7月29日(五) ：觀塘駿業里
7月30日(六) ：銅鑼灣百德新街
7月31日(日) ：旺角西洋菜南街
 
記得Follow埋BEA IG @beahk ，了解最新優惠！
 
 #東亞銀行  #BEA  #BEAGOAL  #創富力GearUp  #張家朗  #張小倫  #創富真世一  #迎新獎賞
 
優惠受條款及細則約束，詳情請參閱有關宣傳資料。 
                    ",15        ,0        ,20221003
7,beahk,2 months ago,"
                        【BEA GOAL創富流動車出巡💨💨！】
幫你預先登記兼醒你獨家優惠🤩！嚟緊BEA GOAL 創富流動車會喺全港四圍出巡，登記完順手Follow埋 BEA IG @beahk ，就可以拎到以下獎賞：
 
1. 高達HK$500 早鳥迎新獎賞 💵
2. 自動參加大抽獎贏取 HK$10,000✨
3. 限量版消毒噴霧
 
BEA GOAL創富流動車出現日子同地點 (11am-7pm):
7月16日 (六) ：旺角西洋菜南街
7月17日 (日) ：銅鑼灣百德新街
7月22日 (五) ：荃灣千色匯對出
7月23日 (六) ：尖沙咀海防道
7月24日 (日) ：銅鑼灣駱克道
7月29日 (五) ：觀塘駿業里
7月30日 (六) ：銅鑼灣百德新街
7月31日 (日) ：旺角西洋菜南街
 
 #東亞銀行  #BEA  #BEAGOAL  #創富力GearUp  #張家朗  #張小倫  #創富真世一  #迎新獎賞
 
優惠受條款及細則約束，詳情請參閱有關宣傳資料。 
                    ",33        ,1        ,20221003
8,beahk,2 months ago,"
                        【 BEA GOAL💰迎新賞】
Sooooo Easy!  預先登記BEA GOAL，拎走高達HK$500早鳥迎新獎賞💸，仲自動參加埋大抽獎🏵，分分鐘贏走HK$10,000！預先登記超簡單，只需你個名、電話同email就得啦！

BEA GOAL係一個全數碼綜合戶口，一個戶口就幫你KO哂日常理財所需，有齊deposit、投資、數碼支付同消費獎賞！想好似家朗同小倫咁Gear Up成為創富真世一？即刻預先登記： https://bit.ly/3arJ9EN
       
優惠詳情：https://bit.ly/3o1TFW5
記得FOLLOW埋我哋IG @beahk ，了解最新優惠啦！

 #東亞銀行  #BEA  #BEAGOAL  #創富力GearUp  #張家朗  #張小倫  #基金   #投資  #定期  #信用卡  #創富真世一  #迎新獎賞

優惠受條款及細則約束，詳情請參閱有關資料。投資涉及風險。借定唔借？還得到先好借！ 
                    ",31        ,1        ,20221003
9,beahk,2 months ago,"
                        喺劍擊比賽上，就算落後緊，教練同我都會即時調整戰術，打敗對手💪🏻；但理財梗係唔可以落後啦，要搵個神隊友part住上，踏出我嘅理財投資第一步！
 
東亞銀行 @beahk  全新BEA GOAL全數碼all-in-one account，一個戶口有齊儲蓄、投資同消費優惠，用手機就可以KO晒日常理財所需，我個訓練比賽schedule咁tight，啱晒我😜
 
而家預先登記成為BEA GOAL客戶，仲有豐富獎賞🎁  www.hkbea.com/beagoal
 
 #東亞銀行  #BEA  # BEAGOAL  #創富真世一 
                    ",6k        ,17        ,20221003
10,beahk,2 months ago,"
                        雖然呢排休養，但我都無偷懶，keep住upgrade自己🔥，向目標進發！

我講緊嘅係理財目標呀！東亞銀行 @beahk   全新BEA GOAL全數碼主導綜合戶口，1個戶口幫我搞掂哂日常理財需要，仲幫我提升創富力！

而家預先登記成為BEA GOAL客戶，仲有HK$500早鳥迎新獎賞同有機會贏走HK$10,000💰！

即刻預先登記  www.hkbea.com/beagoal

 #東亞銀行  #BEA  #BEAGOAL  #創富力  #基金  #投資

優惠受條款及細則約束，詳情請參閱有關資料。投資涉及風險。借定唔借? 還得到先好借！ 
                    ",1k        ,22        ,20221003
11,beahk,3 months ago,"
                        【BEA GOAL🎁有獎遊戲】成為創富真．世一🗣！

「♫ 銀行存款等於零...♪」( ಥ ʖ͜   ಥ ) 食買玩，通通都想歎？
有BEA GOAL幫你創富力Gear Up💰，你咪可以邊買邊賺，食好西🍣、買新Gadgets📱，日日買衫轉Look都無問題🕺！
即刻參加有獎遊戲，留言揀 A/B/C 講出我好想要咩著數，有機會贏走高達HK$500 禮券！

A: 我好想「佛系儲錢投資，穩定增長So Easy」 
B: 我好想「邊買邊賺，消費獎賞無極限」 
C: 我好想「定期存款低門檻，高息輕鬆賺」

點玩❓
➊ Follow @beahk  IG 賬戶同Like 呢個Post
➋ 留言回答「A/B/C，用 BEA GOAL 就幫到手！」
(例：我好想「佛系儲錢投資，穩定增長So Easy 」，用BEA GOAL就幫到手！)
➌ Tag 3個Friend

有咩豐富獎品❓
🎖大獎: HK$500 禮券 (10名)
🎖特別獎: HK$100 禮券 (40名)

GOAL GO GO🔥！記得記得Follow我哋IG，做齊以上所有步驟先符合抽獎資格㗎！

幾時截止❓2022年7月8日晚上11時59分 
得獎公佈日期❓2022年7月29日喺「BEA 東亞銀行」IG公佈得獎名單 
遊戲條款及細則❓https://bit.ly/3ypUXPR   優惠受條款及細則約束。投資涉及風險。

 #東亞銀行  #BEA  #BEAGoal  #創富力GearUp  #迎新有獎遊戲  #贏走高達500禮券 
                    ",860        ,1005        ,20221003
0,cncbi.bank,1 week ago,"
                        【延續購物狂熱🛍️ 以信銀國際大灣區雙幣信用卡以雲閃付或人民幣簽賬 賞你高達 15% 現金回贈！】

眨吓眼就用完消費券，但 mark 低咗嘅心頭好仲未買齊🥺？而家憑信銀國際大灣區雙幣信用卡進行雲閃付 APP 或人民幣簽賬消費，於京東商城購物每月可享額外 1% 現金回贈*，再加埋每月簽賬 4% 現金回贈** 及首 5 個月可享高達 10% 現金回贈^，合共高達 15% 現金回贈🎉！開心買，輕鬆賺，仲唔快啲約埋班姊妹一齊瘋狂 shopping 😍？ 

了解更多： https://bit.ly/cncbi_y22gbacredit_promo

優惠須受條款及細則約束，詳情請參閱信銀國際推廣優惠條款及細則。

提提你：「借定唔借？還得到先好借！」

 #盡情購物  #盡情賺獎賞  #信銀國際大灣區雙幣信用卡  #雲閃付  #人民幣  #中信銀行國際  #CNCBI 

* 9 月 30 日前作京東商城簽賬每曆月最高可獲得現金回贈為 HK$100。
** 推廣期内每筆雲閃付及/或人民幣簽賬交易最高可獲享 HK$100 現金回贈，每曆月最高可獲得 HK$1,000 現金回贈。
^ 新會員於發卡後首 5 個月內每曆月最高可獲得雲閃付及/或人民幣簽賬現金回贈為 HK$200, 最高可獲得的回贈上限為 HK$1,200。 
                    ",7        ,0        ,20221003
1,cncbi.bank,1 week ago,"
                        【即玩「獎賞Go!」精選任務🕹️ 激賞超過 HK$1,000 現金獎賞！】

快啲試吓自己手氣啦！齊齊即開 inMotion 動感銀行玩「獎賞Go!」，只要完成一連串精選任務包括月月「賞」玩大抽獎，隨時拎走超過 HK$1,000 現金獎賞👏！快啲開 App 抽機會卡，可能係你拎走豐富大獎🥳！

詳細遊戲攻略： www.cncbinternational.com/rg
立即下載 inMotion ，完成首個任務： https://bit.ly/download_inMotion

未係 inMotion 客戶玩唔到「獎賞Go!」? 
全新客戶無論消費、儲蓄定投資都有迎新優惠，開戶再賞 HK$200 現金獎賞*！
了解更多：https://bit.ly/CNCBI_Y22Q3promo

優惠須受條款及細則約束。

 #即開inMotion玩獎賞Go  #完成任務  #拎走精彩獎賞  #中信銀行國際  #CNCBI  #inMotion動感銀行  #獎賞Go  #RewardsGo

*全新客戶須於指定日子之總結存達 HK$10,000 或等值及登入 inMotion 動感銀行。 
                    ",8        ,0        ,20221003
2,cncbi.bank,1 week ago,"
                        【踏上追夢之路🏃 成功提取分期貸款 享 50% 無上限利息回贈！】

做人如果冇夢想，同條鹹魚有咩分別😤？無論有咩理想，中信銀行(國際)為你將不可能變成可能✨！ 隨時隨地用 inMotion 動感銀行手機 app 申請分期貸款📱，毋需住址證明 #，即時初步批核^✅ ，最快即日放款。成功申請並提取貸款，更享無上限回贈 50% 利息*，輕鬆實踐你心中所想🎉。立即申請，展開追夢之路！

了解更多：https://bit.ly/inMotion_pil

優惠須受條款及細則約束。

借定唔借？還得到先好借！

 #毋需住址證明  #最快即時初步批核  #中信銀行國際  #CNCBI  #分期貸款

註:
 # 能否豁免現居住址證明將以最終批核結果為準。
^ 即日放款服務只適用於銀行服務時間內（星期一至五上午 9 時至晚上 8 時，星期六、日及公眾假期除外）放款至信銀國際戶口。有關處理時間由銀行確定已批核之貸款開始計算。
*「無上限回贈 50% 利息」為首年之 6 個月利息回贈。優惠只適用於由即日起至 2022 年 9 月 30 日（「推廣期」），透過網上銀行﹑inMotion 手機應用程式及官方網頁申請及成功提取中信銀行（國際）有限公司（「本行」）$mart Plus 分期貸款達 HK$50,000 或以上；及還款期達 48 個月或以上之客戶）。有關推廣優惠及條款及細則，詳情請參閱 $mart Plus 分期貸款 – 首 6 個月利息回贈推廣條款及細則。 
                    ",9        ,0        ,20221003
3,cncbi.bank,2 weeks ago,"
                        【立即加入中信銀行(國際)  開拓理想前程🏃‍♂️💡！】

如果你同我哋一樣充滿活力同熱誠，又有意投身銀行業，歡迎你加入中信銀行(國際)嘅客戶服務團隊，成為專業團隊嘅一份子💪！

我哋會為你提供專業在職培訓同埋優厚薪酬待遇 ，令你盡情發光發亮，一齊並肩展開理想事業旅程🤝！歡迎應屆畢業生及有意投身銀行業者加入。立即按此登記*！https://bit.ly/CNCBI_apply

職位空缺：
💼 inMotion Executive, Branch https://bit.ly/CNCBI_iME 
💼 Counter Service Officer, Branch https://bit.ly/CNCBI_Teller 
💼 Customer Service Officer, Contact Centre https://bit.ly/CNCBI_CSO 

*申請人提供之全部資料絕對保密及只作招聘用途。

 #中信銀行國際  #CNCBI  #招聘  #職位空缺  #投身銀行業  #加入中信銀行國際大家庭 
                    ",20        ,0        ,20221003
4,cncbi.bank,2 weeks ago,"
                        【把握美股市場機遇🌟 股票掛鈎投資擴展至美股 靈活建立投資組合😎】

近來美股迎嚟大幅反彈💹，造就唔少投資者入場嘅好時機。但如果怕市況反覆， 又想利用心儀股票獲取更高嘅潛在派息？🤔中信銀行(國際)股票掛鈎投資服務令你更輕易把握難得嘅投資機遇💰！

股票掛鈎投資服務已經由港股擴展至美股👏✨，成為全港首間推出美股股票掛鈎投資嘅中資銀行！🎉美股股票掛鈎投資為你捕捉環球投資機遇👀，掌握美國金融市場大勢！有啲咩特色，你又知唔知❓

✅ 將資產與單一或一籃子港股或美股嘅表現掛鈎，涵蓋美國、香港兩大股票市場✨
✅ 美股投資市場規模更大更廣闊，股票板塊更多元化 😆
✅ 回報取決於掛鈎股票的表現，指定產品有機會賺取較傳統定期存款高嘅潛在收益💰
✅ 認購金額低至 100,000 港元🥳
✅ 靈活投資期、行使價及氣墊價，釐訂個人化投資組合👍。

心動不如行動❓仲有豐富嘅投資獎賞等緊你！🤩🎉由即日起至 2022 年 9 月 30 日，合資格客戶進行股票掛鈎投資、基金、債券、高息貨幣聯繫存款💳（存款期不少於 1 個月）交易或使用 Robo 360 智能投資顧問服務達指定累積合資格交易金額，可享高達 HK$20,000 現金獎賞🎁🎉！

立即開始你嘅投資之旅📈，輕鬆掌握每個投資機遇🔥！

有興趣了解更多詳情🔍？請即親臨本行任何分行🏦 或致電 2287 6788 📞。

了解更多：https://www.cncbinternational.com/personal/promotions/integrated-investment/tc/index.html

重要事項聲明及風險披露聲明:

股票掛鈎產品乃涉及金融衍生工具的結構性產品及複雜投資產品，閣下應就該產品謹慎行事。
投資決定是由閣下自行作出的，但閣下不應投資在該產品，除非仲介人於銷售該產品時已向閣下解釋經考慮閣下的財務情況、投資經驗及目標後，該產品是適合閣下的。它們並不保本，閣下可能損失全部投資款項。投資涉及風險，股票掛鈎投資並非一般定期存款或其代替品，並不受香港的存款保障計劃所保障，而最高的潛在回報可能是有限的。詳情請參閲圖中列出之相關風險、有關風險披露聲明及銷售文件。

閣下在作出任何投資決定前，應閱讀及瞭解有關銷售文件以瞭解產品詳情及所涉風險，以及應謹慎考慮自己的財政狀況、投資經驗及目標，並於有需要時諮詢獨立專業顧問意見。閣下不應只單憑本內容而作出投資決定。

優惠須受條款及細則約束。

 #美股股票掛鈎投資  #股票掛鈎投資  #中信銀行國際  #CNCBI  #投資  #股票  #港股  #美股 
                    ",8        ,0        ,20221003
5,cncbi.bank,3 weeks ago,"
                        【中秋佳節慶團圓🌕 同太空人一齊猜燈謎🏮】

又大又圓，睇吓佢幾正😍！唔只講緊個月亮，仲講緊個月餅呀🥮～
適逢中秋佳節，最開心就係同親朋好友一邊開心 share 月餅，一邊賞圓月❤️。太空人代表中信銀行(國際)祝大家中秋節快樂，人月兩團圓！

嚟到中秋當然唔少得猜燈謎😌，快啲同朋友一齊估下圖中嘅 emoji 燈謎係啲咩？

想了解我多啲同拎獎賞？
快啲下載 inMotion 進入我嘅太空世界啦🚀！https://bit.ly/download_inMotion

新客戶開戶仲賞 HK$200* 現金獎賞，一撳了解更多：https://bit.ly/CNCBI_Y22Q3promo

優惠須受條款及細則約束。

 #中信銀行國際  #CNCBI  #inMotion  #中秋節快樂  #inMotion動感銀行 

*新客戶須於指定日子之總結存達 HK$10,000 或等值及登入 inMotion 動感銀行。 
                    ",5        ,0        ,20221003
6,cncbi.bank,3 weeks ago,"
                        【中秋做節邊食邊賺🍴 用 Motion 卡食飯埋單享低至 88 折優惠！】

無論係食中菜、西餐定日本菜，中秋節都係同屋企人食團圓飯團聚嘅好時機💗！而家喺 2022 年 9 月 30 日前成功申請信銀國際 Motion 信用卡，首 5 個月港幣合資格簽賬可獲享 6% 現金回贈，連同全年食肆及網上簽賬 6% 現金回贈優惠， 共享高達 12% 現金回贈 ^ ! 中秋節食飯埋單即有 88 折優惠✨！立即把握最後機會申請啦！

了解更多：https://bit.ly/CNCBI_MotionCard_promo 

^ 高達 12% 現金回贈包括迎新優惠首五個月本地零售簽賬 6% 現金回贈 ( 每月上限為HK$200 ，最高可獲享 HK$1,000 ) 及 2022 年 12 月 31 日或之前食肆及網上簽賬 6% 現金回贈優惠 ( 每月上限為 HK$200 )。

優惠須受條款及細則約束。

提提你：「借定唔借？還得到先好借！」

 #食肆消費  #網上簽帳  #享豐富現金回贈  #最後召集  #中信銀行國際  #CNCBI  #Motion信用卡  #中秋節  #做節  #團圓飯 
                    ",7        ,0        ,20221003
7,cncbi.bank,3 weeks ago,"
                        【中信銀行(國際)「百年有禮」圓滿結束　送出合共 1,500 份禮物】

一連四個星期嘅中信銀行(國際)「百年有禮」線上線下送禮活動已經全部圓滿結束！

感謝大家踴躍參與「百年有禮」線上活動，分享對「信念」、「信任」同「信心」嘅體會。而喺剛剛過去嘅 9 月 2 日至 5 日，「百年同行禮物車」更走遍港、九、新界，播放中信銀行(國際)百周年故事，繼續送出百周年限量版禮品，每個地點都吸引過百名市民到場支持拍照留下歡樂一刻！

1,500 份禮物已全部送出，請繼續留意中信銀行(國際) Facebook 專頁，緊貼我哋嘅最新動向。

 #信銀國際百年有禮  #個個星期都有驚喜  #信念  #信任  #信心  #中信銀行國際  #CNCBI  #百年同行以信致遠  #100周年 
                    ",8        ,0        ,20221003
8,cncbi.bank,3 weeks ago,"
                        【掃貨迎金秋🛍️ 以信銀國際信用卡於淘寶購物 享 HK$50 即減優惠！】

踏入九月，搶先換季迎接金秋🍂！由即日起至 2022 年 12 月，於每月之 11 日憑信銀國際信用卡^ 透過 AlipayHK 應用程式於「手機淘寶」作單一付款簽賬淨額滿 HK$300 或以上，可享 HK$20 即減優惠*；或淨額滿 HK$600 或以上，可享 HK$50 即減優惠*👏！即刻買定入秋時裝，mix & match 時尚又有層次感嘅轉季造型😎！

了解更多：https://bit.ly/CNCBI_MotionCard_promo

優惠須受條款及細則約束。

提提你：「借定唔借？還得到先好借！」

^ 不適用於信銀國際銀聯雙幣信用卡。
* 每月名額有限，先到先得。
 
 #秋風起  #又係時候買新衫  #中信銀行國際  #CNCBI  #Motion信用卡  #購物優惠 
                    ",7        ,0        ,20221003
9,cncbi.bank,3 weeks ago,"
                        【你有一個新訊息📩？不知名連結咪亂撳⚠️！】

唔使急，最緊要...撳Link前要三思呀🚨🚨🚨！收到銀行短訊叫你撳Link確認資料？有自稱政府或者執法部門嘅人要你撳Link配合調查？唔想誤墜騙徒陷阱，就要提高警覺，記住以下三大防騙Tips💡：

1️⃣ 按照金管局嘅要求，銀行唔會透過短訊或電郵超連結，引領你進入網站或流動應用程式進行交易🙅
2️⃣ 銀行唔會經超連結要求你提供網上銀行服務嘅帳戶名稱、登入密碼及一次性密碼呢類敏感個人資料🔐
3️⃣ 點擊任何聲稱係銀行或執法人員發出嘅超連結之前，記得要停一停，諗一諗，有懷疑，就要聯絡銀行✋

騙徒手法層出不窮，想妥善保護自己嘅個人資料，做任何決定前記住諗清楚喇🧐！

做個智醒消費者，即上：https://bit.ly/3Rmnu0U

 #中信銀行國際  #CNCBI  #inMotion動感銀行  #數碼KEY睇緊啲  #撳link前要三思  #香港金融管理局  #HKMAGOVHK  #金管局  #偽冒短訊  #騙案  #小心騙徒 
                    ",9        ,0        ,20221003
10,cncbi.bank,3 weeks ago,"
                        【升學資金無煩惱 🎒 登記大富翁存款享高達 6.38% 儲蓄年利率！】

小朋友終於開學，要參加補習班同課外活動，仲要買咁多開學用品，使費比平時多咗真係好頭痛🤯。不過教育係長遠投資，作為精明嘅家長就要未雨綢繆，及早為小朋友儲定筆教育基金！而家登記大富翁存款，只需 HK$10,000 即可享額外高達 6.38% 儲蓄年利率，隨時靈活調動資金。為小朋友新學年同往後升學做好準備，爸爸媽媽唔使再怕頭痛喇💪！

了解更多：https://bit.ly/CNCBI_Y22Q3promo 
立即下載 inMotion：https://bit.ly/inMotion_download 

優惠須受條款及細則約束。

 #健康投資  #中信銀行國際  #CNCBI  #inMotion  #大富翁存款 

*只適用於合資格新客戶及新資金。客戶需登記大富翁存款並於登記期內至少任何一個工作天合資格新資金達 HK$10,000 才可享大富翁額外年利率。合資格新客戶的新資金上限為 HK$4,000,000 。 
                    ",7        ,0        ,20221003
11,cncbi.bank,3 weeks ago,"
                        【新鮮食材直送上門🚚 以信銀國際信用卡於 HOME+ 購物 享 HK$50 即減優惠！】

一年容易又中秋🌕，想為屋企人準備一餐好味嘅團圓飯，梗係要提早採購新鮮食材😋！由即日至 2022 年 9 月 30 日，信銀國際信用卡會員可於 HOME+ 網上商店享以下優惠！
 
🏮 HOME+ 新會員：首單單一購物滿 HK$398 ，輸入優惠碼「CITIC50N」即可減 HK$50
🏮 HOME+ 現有會員：單一購物滿 HK$498 ，輸入優惠碼「CITIC40」即可減 HK$40

落單買餸仲有專人送上門🛒，煮團圓飯唔使再頻撲喇👩‍🍳！用埋信銀國際 Motion 信用卡仲可以額外拎多高達 6% 網上簽賬現金回贈✨*！

了解更多：https://www.cncbinternational.com/yro

* 6% 網上簽賬回贈設每月上限並由中信銀行(國際)提供及受條款及細則約束。詳情請瀏覽 https://bit.ly/CNCBI_MotionCard_promo 

提提你：「借定唔借？還得到先好借！」

備註：

1. 此優惠不適用於信銀國際銀聯雙幣信用卡。
2. 此優惠不適用於購買任何 1 號初生嬰兒配方奶粉、電子現金券及電子優惠券。
3. 此優惠不可與任何 HOME+ 電子現金券或電子優惠券一同使用。
4. 此優惠由 HOME+ 提供並受條款及細則約束。
5. 如有任何爭議， HOME+ 將保留最終決定權。
6. 此優惠名額有限，先到先得。

 #即買即減  #立即掃貨  #中信銀行國際  #CNCBI  #Motion信用卡  #中秋  #團圓飯 
                    ",4        ,0        ,20221003
